fichier,langue,auteur,titre,paragraphes,annotations,concepts,concepts_th310
zoo4/2e,anglais,ANTIGONUS,Collection of Marvellous Accounts,115,5562,1169,313
zoo4/2g,grec,ANTIGONUS,Ἱστοριῶν παραδόξων συναγωγή (ed. Keller 1877),98,1853,1168,313
zoo5/1e,anglais,APOLLONIUS,Inquiries into Marvels,51,1210,818,194
zoo5/1g,grec,APOLLONIUS,Ἱστορίαι θαυμάσιαι,51,1205,814,194
zoo7/12e,anglais,ARISTOTELES,De Respiratione,21,1803,922,176
zoo7/12g,grec,ARISTOTELES,De respiratione,23,1783,899,172
zoo7/14e,anglais,ARISTOTELES,Oeconomica,23,2116,1296,231
zoo7/14g,grec,ARISTOTELES,Economics,23,2116,1296,231
zoo7/2e,anglais,ARISTOTELES,On the Gait of Animals,19,1421,726,142
zoo7/2g,grec,ARISTOTELES,De animalium incessu,19,1397,712,142
zoo7/3e,anglais,ARISTOTELES,On the Motion of Animals,11,910,591,101
zoo7/3g,grec,ARISTOTELES,De animalium motione,11,848,553,89
zoo7/4e,anglais,ARISTOTELES,On Longevity and Shortness of Life,6,497,374,80
zoo7/4g,grec,ARISTOTELES,De longitudine et brevitate vitae,6,434,335,74
zoo7/9e,anglais,ARISTOTELES,On Youth and Old Age,6,518,385,79
zoo7/9g,grec,ARISTOTELES,"De iuventute et senectute, De vita et morte",6,516,383,79
zoo10/1e,anglais,ATHENAEUS,Δειπνοσοφισταί,1401,130525,16726,1602
zoo10/1g,grec,ATHENAEUS,The Deipnosophists,1373,126641,16534,1595
zoo11/1e,anglais,AVIANUS,Fables,57,2453,1475,315
zoo11/1l,latin,AVIANUS,Fables,42,2435,1465,311
zoo13/1e,anglais,BASILIUS,Ὁμιλίαι εἰς τὴν Ἑξαήμερον,162,11945,3945,619
zoo13/1g,grec,BASILIUS,Ὁμιλίαι θʹ εἰς τὴν Ἑξαήμερον,77,10489,3669,601
zoo18/1e,anglais,EUCHERIUS,Formulae spiritalis intellegentiae,70,710,454,142
zoo18/1l,latin,EUCHERIUS,Formulae spiritalis intellegentiae,70,709,453,142
zoo20/1e,anglais,GRATTIUS,"Cynegetica (trad. Duff & Duff, Loeb 1935)",65,2530,1581,320
zoo20/1l,latin,GRATTIUS,Cynegetica,65,2524,1575,320
zoo20/1l_2,latin,GRATTIUS,Cynegetica (ed. The Latin Library),613,5048,1575,320
zoo22/1e,anglais,HESIODUS,Ἔργα καὶ ἡμέραι,100,3679,1678,336
zoo22/1g,grec,HESIODUS,Works and Days,92,3269,1480,301
zoo24/1e,anglais,HIPPOCRATES,On Regimen in Acute Diseases,18,1701,884,161
zoo24/1g,grec,HIPPOCRATES,On Regimen in Acute Diseases,18,1506,806,147
zoo24/3e,anglais,HIPPOCRATES,"On Regimen in Acute Diseases Appendix, spurious",39,2261,1056,205
zoo24/3g,grec,HIPPOCRATES,"On Regimen in Acute Diseases Appendix, spurious",38,1995,985,197
zoo26/1e,anglais,LUCIANUS_SAMOSATENSIS,The Dipsads,9,429,335,95
zoo26/1g,grec,LUCIANUS_SAMOSATENSIS,Dipsades,9,429,335,95
zoo26/2e,anglais,LUCIANUS_SAMOSATENSIS,De sacrificiis,15,951,716,180
zoo26/2g,grec,LUCIANUS_SAMOSATENSIS,De sacrificiis,15,951,716,180
zoo27/2e,anglais,"NEMESIANUS,_MARCUS_AURELIUS_OLYMPUS",De Aucupio,20,266,242,54
zoo27/2l,latin,"NEMESIANUS,_MARCUS_AURELIUS_OLYMPUS",De Aucupio,10,157,146,40
zoo30/1e,anglais,OPPIANUS-2,Cynegetica,512,13980,5261,696
zoo30/1g,grec,OPPIANUS-2,Cynegetica,1730,7626,2769,511
zoo31/2e,anglais,OVIDIUS,Metamorphoses,209,37959,7142,896
zoo31/2l,latin,OVIDIUS,Metamorphoses,209,37959,7142,896
zoo31/3e,anglais,OVIDIUS,The Fasti,270,21236,6001,797
zoo31/3l,latin,OVIDIUS,Fasti,170,19675,5791,782
zoo31/4e,anglais,OVIDIUS,The Ibis,24,2949,1823,350
zoo31/4l,latin,OVIDIUS,Ibis,24,3025,1880,358
zoo32/1e,anglais,PHAEDRUS,Fabulae Aesopiae ENG,130,6216,2856,467
zoo32/1l,latin,PHAEDRUS,Fabulae Aesopiae,2058,6216,2856,467
zoo42/1e,anglais,PLATO,Timaeus,113,8329,3106,434
zoo42/1g,grec,PLATO,Τίμαιος,113,7655,2896,398
zoo44/1e,anglais,PLUTARCHUS,De Amore Prolis,5,731,596,145
zoo44/1g,grec,PLUTARCHUS,De amore prolis,5,731,596,145
zoo44/2e,anglais,PLUTARCHUS,Quaestiones Naturales,87,1825,991,230
zoo44/2g,grec,PLUTARCHUS,Quaestiones Naturales,80,1715,924,221
zoo44/4e,anglais,PLUTARCHUS,Bruta Animalia Ratione Uti,37,1263,844,191
zoo44/4g,grec,PLUTARCHUS,Περὶ τοῦ τὰ ἄλογα λόγῳ χρῆσθαι,37,562,314,64
zoo44/5e,anglais,PLUTARCHUS,De Esu Carnium II,7,600,481,119
zoo44/5g,grec,PLUTARCHUS,De esu carnium II,7,505,430,112
zoo44/6e,anglais,PLUTARCHUS,De Esu Carnium I,7,795,623,161
zoo44/6g,grec,PLUTARCHUS,De esu carnium I,7,795,623,161
zoo48/1e,anglais,SEMONIDES_AMORGINUS,Elegy and Iambus Semonides,252,2661,1668,318
zoo48/1g,grec,SEMONIDES_AMORGINUS,Ἐλεγεῖα Σημωνίδου,527,1961,1653,330
zoo55/1e,anglais,VARRO,De re rustica,536,19587,6140,897
zoo55/1l,latin,VARRO,De re rustica,97,1635,1078,233
zoo57/2e,anglais,XENOPHON,On the Cavalry Commander from Minor Works,148,2334,1165,172
zoo57/2g,grec,XENOPHON,On the Cavalry Commander from Minor Works,140,2331,1170,172
zoo57/3e,anglais,XENOPHON,On the Art of Horsemanship,154,2518,1092,194
zoo57/3g,grec,XENOPHON,On the Art of Horsemanship from Minor Works,155,2521,1086,194
zoo57/4e,anglais,XENOPHON,On Hunting from Minor Works,226,4347,1934,319
zoo57/4g,grec,XENOPHON,On Hunting from Minor Works,217,4343,1939,320
zoo57/5e,anglais,XENOPHON,Agesilaus,158,3450,1685,239
zoo57/5g,grec,XENOPHON,Agesilaus,137,3400,1603,229
zoo57/6e,anglais,XENOPHON,Constitution of the Lacedaemonians,128,2300,1229,189
zoo57/6g,grec,XENOPHON,Constitution of the Lacedaemonians,120,2306,1178,182
zoo57/8e,anglais,XENOPHON,Ways and Means,102,1609,924,150
zoo57/8g,grec,XENOPHON,Ways and Means,97,1609,879,146
zoo62/1e,anglais,IOHANNES_DE_CUBA,"The Noble Lyfe and Natures of Man, of Bestes, Serpentys, Fowles and Fisshes",660,8160,1888,250
zoo62/1l,latin,IOHANNES_DE_CUBA,Hortus Sanitatis Tractatus de animalibus,177,4139,1231,193
zoo69/1e,anglais,PHILO_ALEXANDRINUS,On the Eternity of the World,150,4260,1848,282
zoo69/1g,grec,PHILO_ALEXANDRINUS,De aeternitate mundi,150,4260,1848,282
zoo69/2e,anglais,PHILO_ALEXANDRINUS,On Husbandry,181,4391,1918,261
zoo69/2g,grec,PHILO_ALEXANDRINUS,De agricultura,181,4391,1918,261
zoo69/3e,anglais,PHILO_ALEXANDRINUS,Concerning Noah's Work as a Planter,177,4079,1754,248
zoo69/3g,grec,PHILO_ALEXANDRINUS,De plantatione,177,4079,1754,248
zoo69/4e,anglais,PHILO_ALEXANDRINUS,On Dreams,558,12342,3561,459
zoo69/4g,grec,PHILO_ALEXANDRINUS,"De somniis, lib. i-ii",558,12342,3561,459
zoo86/1e,anglais,ANONYME_-_Paradoxographus_Vaticanus,Paradoxographus Vaticanus zoological excerpts,9,104,103,36
zoo86/1g,grec,ANONYME_-_Paradoxographus_Vaticanus,Paradoxographus Vaticanus extraits zoologiques,8,94,93,33
zoo89/1e,anglais,PS-ARISTOTELES,On Marvellous Things Heard,111,2936,953,257
zoo89/1g,grec,PS-ARISTOTELES,Περὶ θαυμασίων ἀκουσμάτων,72,1465,950,257
