zoo_id,auteur,periode,fichier,langue,titre
zoo1,AELIANUS SOPHISTES,antique (800 av. J.-C. - 300 ap. J.-C.),1g.xml,grec,De Natura Animalium
zoo2,ALBERTUS MAGNUS,medieval (apres 700 ap. J.-C.),1l.xml,latin,De animalibus
zoo3,AMBROSIUS,tardo-antique (300 - 700 ap. J.-C.),1l.xml,latin,Hexaemeron ; De Paradiso
zoo4,ANTIGONUS,antique (800 av. J.-C. - 300 ap. J.-C.),1g.xml,grec,Ἱστοριῶν παραδόξων συναγωγή
zoo5,APOLLONIUS,antique (800 av. J.-C. - 300 ap. J.-C.),1e.xml,anglais,Inquiries into Marvels
zoo5,APOLLONIUS,antique (800 av. J.-C. - 300 ap. J.-C.),1g.xml,grec,Ἱστορίαι θαυμάσιαι
zoo6,APSYRTOS,tardo-antique (300 - 700 ap. J.-C.),1g.xml,grec,Ἱππιατρικά (fragments)
zoo7,ARISTOTELES,antique (800 av. J.-C. - 300 ap. J.-C.),10e.xml,anglais,On the Parts of Animals
zoo7,ARISTOTELES,antique (800 av. J.-C. - 300 ap. J.-C.),10g.xml,grec,De partibus animalium
zoo7,ARISTOTELES,antique (800 av. J.-C. - 300 ap. J.-C.),12e.xml,anglais,De Respiratione
zoo7,ARISTOTELES,antique (800 av. J.-C. - 300 ap. J.-C.),12g.xml,grec,De respiratione
zoo7,ARISTOTELES,antique (800 av. J.-C. - 300 ap. J.-C.),13e.xml,anglais,Historia Animalium
zoo7,ARISTOTELES,antique (800 av. J.-C. - 300 ap. J.-C.),13g.xml,grec,Historia animalium
zoo7,ARISTOTELES,antique (800 av. J.-C. - 300 ap. J.-C.),14e.xml,anglais,Oeconomica
zoo7,ARISTOTELES,antique (800 av. J.-C. - 300 ap. J.-C.),14g.xml,grec,Economics
zoo7,ARISTOTELES,antique (800 av. J.-C. - 300 ap. J.-C.),1e.xml,anglais,On the Generation of Animals
zoo7,ARISTOTELES,antique (800 av. J.-C. - 300 ap. J.-C.),1g.xml,grec,De Generatione Animalium
zoo7,ARISTOTELES,antique (800 av. J.-C. - 300 ap. J.-C.),2e.xml,anglais,On the Gait of Animals
zoo7,ARISTOTELES,antique (800 av. J.-C. - 300 ap. J.-C.),2g.xml,grec,De animalium incessu
zoo7,ARISTOTELES,antique (800 av. J.-C. - 300 ap. J.-C.),3e.xml,anglais,>On the Motion of Animals
zoo7,ARISTOTELES,antique (800 av. J.-C. - 300 ap. J.-C.),3g.xml,grec,De animalium motione
zoo7,ARISTOTELES,antique (800 av. J.-C. - 300 ap. J.-C.),4e.xml,anglais,On Longevity and Shortness of Life
zoo7,ARISTOTELES,antique (800 av. J.-C. - 300 ap. J.-C.),4g.xml,grec,De longitudine et brevitate vitae
zoo7,ARISTOTELES,antique (800 av. J.-C. - 300 ap. J.-C.),5g.xml,grec,᾿Αριστοτέλους φυσικά προβλήματα κατ᾿ εἶδος συναγώγης
zoo7,ARISTOTELES,antique (800 av. J.-C. - 300 ap. J.-C.),6g.xml,grec,Φυσιογνωμονικά
zoo7,ARISTOTELES,antique (800 av. J.-C. - 300 ap. J.-C.),7g.xml,grec,Περὶ θαυμασίων ἀκουσμάτων
zoo7,ARISTOTELES,antique (800 av. J.-C. - 300 ap. J.-C.),8e.xml,anglais,On Sense and Sensibilia
zoo7,ARISTOTELES,antique (800 av. J.-C. - 300 ap. J.-C.),8g.xml,grec,De sensu et sensibilibus
zoo7,ARISTOTELES,antique (800 av. J.-C. - 300 ap. J.-C.),9e.xml,anglais,On Youth and Old Age
zoo7,ARISTOTELES,antique (800 av. J.-C. - 300 ap. J.-C.),9g.xml,grec,"De iuventute et senectute, De vita et morte"
zoo8,ARRIANUS,antique (800 av. J.-C. - 300 ap. J.-C.),1e.xml,anglais,Κυνηγετικά
zoo8,ARRIANUS,antique (800 av. J.-C. - 300 ap. J.-C.),1g.xml,grec,Κυνηγετικός
zoo9,ARTEMIDORUS,antique (800 av. J.-C. - 300 ap. J.-C.),1e.xml,anglais,Oneirocritica
zoo9,ARTEMIDORUS,antique (800 av. J.-C. - 300 ap. J.-C.),1g.xml,grec,Onirocriticon
zoo10,ATHENAEUS,antique (800 av. J.-C. - 300 ap. J.-C.),1e.xml,anglais,Δειπνοσοφισταί
zoo10,ATHENAEUS,antique (800 av. J.-C. - 300 ap. J.-C.),1g.xml,grec,The Deipnosophists
zoo11,AVIANUS,tardo-antique (300 - 700 ap. J.-C.),1l.xml,latin,Fabulae
zoo12,BABRIUS,antique (800 av. J.-C. - 300 ap. J.-C.),1e.xml,anglais,Μυθίαμβοι Αἰσώπειοι
zoo12,BABRIUS,antique (800 av. J.-C. - 300 ap. J.-C.),1g.xml,grec,Fabulae Aesopeae
zoo13,BASILIUS,tardo-antique (300 - 700 ap. J.-C.),1e.xml,anglais,Ὁμιλίαι εἰς τὴν Ἑξαήμερον
zoo13,BASILIUS,tardo-antique (300 - 700 ap. J.-C.),1g.xml,grec,Ὁμιλίαι θʹ εἰς τὴν Ἑξαήμερον
zoo14,CASSIANUS BASSUS,tardo-antique (300 - 700 ap. J.-C.),1g.xml,grec,Geoponica
zoo15,COLUMELLA,antique (800 av. J.-C. - 300 ap. J.-C.),1e.xml,anglais,De re rustica
zoo15,COLUMELLA,antique (800 av. J.-C. - 300 ap. J.-C.),1l.xml,latin,"Res Rustica, Books V-IX"
zoo16,DIODORE,antique (800 av. J.-C. - 300 ap. J.-C.),1e.xml,anglais,Library
zoo16,DIODORE,antique (800 av. J.-C. - 300 ap. J.-C.),1g.xml,grec,Bibliotheca Historica
zoo17,ESOPUS,antique (800 av. J.-C. - 300 ap. J.-C.),1e.xml,anglais,Μῦθοι
zoo17,ESOPUS,antique (800 av. J.-C. - 300 ap. J.-C.),1g.xml,grec,Fabulae
zoo18,EUCHERIUS,tardo-antique (300 - 700 ap. J.-C.),1l.xml,latin,Formulae spiritalis intellegentiae
zoo19,GALENUS,antique (800 av. J.-C. - 300 ap. J.-C.),1e.xml,anglais,Περὶ φυσικῶν δυνάμεων
zoo19,GALENUS,antique (800 av. J.-C. - 300 ap. J.-C.),1g.xml,grec,On the Natural Faculties.
zoo20,GRATTIUS,antique (800 av. J.-C. - 300 ap. J.-C.),1e.xml,anglais,Cynegetica
zoo20,GRATTIUS,antique (800 av. J.-C. - 300 ap. J.-C.),1l_1.xml,latin,Cynegetica
zoo20,GRATTIUS,antique (800 av. J.-C. - 300 ap. J.-C.),1l_2.xml,latin,Cynegetica
zoo21,HERODOTUS,antique (800 av. J.-C. - 300 ap. J.-C.),1e.xml,anglais,Ἱστορία
zoo21,HERODOTUS,antique (800 av. J.-C. - 300 ap. J.-C.),1g.xml,grec,The Histories
zoo22,HESIODUS,antique (800 av. J.-C. - 300 ap. J.-C.),1e_1.xml,anglais,Ἔργα καὶ ἡμέραι
zoo22,HESIODUS,antique (800 av. J.-C. - 300 ap. J.-C.),1g.xml,grec,Works and Days
zoo23,HIEROCLES,tardo-antique (300 - 700 ap. J.-C.),1g.xml,grec,Ἱππιατρικά (fragments)
zoo24,HIPPOCRATES,antique (800 av. J.-C. - 300 ap. J.-C.),1e.xml,anglais,On Regimen in Acute Diseases
zoo24,HIPPOCRATES,antique (800 av. J.-C. - 300 ap. J.-C.),1g.xml,grec,Acut. sp.
zoo25,ISIDORUS HISPALENSIS,tardo-antique (300 - 700 ap. J.-C.),1l.xml,latin,Etymologiae
zoo26,LUCIANUS SAMOSATENSIS,antique (800 av. J.-C. - 300 ap. J.-C.),1e.xml,anglais,The Dipsads
zoo26,LUCIANUS SAMOSATENSIS,antique (800 av. J.-C. - 300 ap. J.-C.),1g_1.xml,grec,Dipsades
zoo26,LUCIANUS SAMOSATENSIS,antique (800 av. J.-C. - 300 ap. J.-C.),2e.xml,anglais,De sacrificiis
zoo26,LUCIANUS SAMOSATENSIS,antique (800 av. J.-C. - 300 ap. J.-C.),2g.xml,grec,De sacrificiis
zoo27,"NEMESIANUS, MARCUS AURELIUS OLYMPUS",antique (800 av. J.-C. - 300 ap. J.-C.),1e.xml,anglais,Cynegetica
zoo27,"NEMESIANUS, MARCUS AURELIUS OLYMPUS",antique (800 av. J.-C. - 300 ap. J.-C.),1l_3.xml,latin,Cynegetica
zoo27,"NEMESIANUS, MARCUS AURELIUS OLYMPUS",antique (800 av. J.-C. - 300 ap. J.-C.),1l_5.xml,latin,Cynegetica ; Versus Platonis ; De VII miraculis mundi ; De generibus nominum
zoo27,"NEMESIANUS, MARCUS AURELIUS OLYMPUS",antique (800 av. J.-C. - 300 ap. J.-C.),2e.xml,anglais,De Aucupio
zoo27,"NEMESIANUS, MARCUS AURELIUS OLYMPUS",antique (800 av. J.-C. - 300 ap. J.-C.),2l.xml,latin,De Aucupio
zoo27,"NEMESIANUS, MARCUS AURELIUS OLYMPUS",antique (800 av. J.-C. - 300 ap. J.-C.),3l.xml,latin,Eclogae
zoo28,NICANDER COLOPHONIUS,antique (800 av. J.-C. - 300 ap. J.-C.),1g.xml,grec,Θηριακά
zoo28,NICANDER COLOPHONIUS,antique (800 av. J.-C. - 300 ap. J.-C.),2g.xml,grec,Αλεξιφάρμακα
zoo29,OPPIANUS-1,antique (800 av. J.-C. - 300 ap. J.-C.),1e.xml,anglais,Halieutica
zoo29,OPPIANUS-1,antique (800 av. J.-C. - 300 ap. J.-C.),1g.xml,grec,Halieutica
zoo30,OPPIANUS-2,antique (800 av. J.-C. - 300 ap. J.-C.),1e.xml,anglais,Κυνηγετικά
zoo30,OPPIANUS-2,antique (800 av. J.-C. - 300 ap. J.-C.),1g.xml,grec,Cynegetica
zoo31,OVIDIUS,antique (800 av. J.-C. - 300 ap. J.-C.),1l.xml,latin,Halieutica
zoo32,PHAEDRUS,antique (800 av. J.-C. - 300 ap. J.-C.),1e.xml,anglais,Fabulae Aesopiae ENG
zoo32,PHAEDRUS,antique (800 av. J.-C. - 300 ap. J.-C.),1l.xml,latin,Fabulae Aesopiae
zoo42,PLATO,antique (800 av. J.-C. - 300 ap. J.-C.),1e.xml,anglais,Timaeus
zoo42,PLATO,antique (800 av. J.-C. - 300 ap. J.-C.),1g.xml,grec,Τίμαιος
zoo43,PLINIUS MAJOR,antique (800 av. J.-C. - 300 ap. J.-C.),1e.xml,anglais,Naturalis Historia
zoo43,PLINIUS MAJOR,antique (800 av. J.-C. - 300 ap. J.-C.),1l.xml,latin,Naturalis Historia
zoo44,PLUTARCHUS,antique (800 av. J.-C. - 300 ap. J.-C.),1e.xml,anglais,De Amore Prolis
zoo44,PLUTARCHUS,antique (800 av. J.-C. - 300 ap. J.-C.),1g.xml,grec,De amore prolis
zoo44,PLUTARCHUS,antique (800 av. J.-C. - 300 ap. J.-C.),2g.xml,grec,Quaestiones Naturales
zoo44,PLUTARCHUS,antique (800 av. J.-C. - 300 ap. J.-C.),3e.xml,anglais,De Sollertia Animalium
zoo44,PLUTARCHUS,antique (800 av. J.-C. - 300 ap. J.-C.),3g.xml,grec,De sollertia animalium
zoo44,PLUTARCHUS,antique (800 av. J.-C. - 300 ap. J.-C.),4e.xml,anglais,Bruta Animalia Ratione Uti
zoo44,PLUTARCHUS,antique (800 av. J.-C. - 300 ap. J.-C.),4g.xml,grec,Περὶ τοῦ τὰ ἄλογα λόγῳ χρῆσθαι
zoo44,PLUTARCHUS,antique (800 av. J.-C. - 300 ap. J.-C.),5e.xml,anglais,On the Eating of Flesh
zoo44,PLUTARCHUS,antique (800 av. J.-C. - 300 ap. J.-C.),5g_1.xml,grec,De esu carnium II
zoo44,PLUTARCHUS,antique (800 av. J.-C. - 300 ap. J.-C.),7g.xml,grec,Quaestiones Naturales
zoo45,PORPHYRIUS,antique (800 av. J.-C. - 300 ap. J.-C.),1e.xml,anglais,Select Works of Porphyry
zoo45,PORPHYRIUS,antique (800 av. J.-C. - 300 ap. J.-C.),1g.xml,grec,De abstinentia
zoo46,PS-DIOSCORIDE,antique (800 av. J.-C. - 300 ap. J.-C.),3g.xml,grec,Alexipharmaca
zoo46,PS-DIOSCORIDE,antique (800 av. J.-C. - 300 ap. J.-C.),4g.xml,grec,Theriaca
zoo47,DENYS (pseudo),tardo-antique (300 - 700 ap. J.-C.),1g_1.xml,grec,Παράφρασις τῶν τοῦ Διονυσίου Ἰξευτικῶν
zoo47,DENYS (pseudo),tardo-antique (300 - 700 ap. J.-C.),1g_2.xml,grec,"Ixeuticon sive De aucupio, paraphrasis"
zoo48,SEMONIDES AMORGINUS,antique (800 av. J.-C. - 300 ap. J.-C.),1e.xml,anglais,Elegy and Iambus (Semonides only)
zoo48,SEMONIDES AMORGINUS,antique (800 av. J.-C. - 300 ap. J.-C.),1g.xml,grec,Ἐλεγεῖα (Semonides)
zoo49,STRABO,antique (800 av. J.-C. - 300 ap. J.-C.),1e.xml,anglais,Geography
zoo49,STRABO,antique (800 av. J.-C. - 300 ap. J.-C.),1g.xml,grec,Geography
zoo50,STRATO LAMPSACENUS,antique (800 av. J.-C. - 300 ap. J.-C.),1g.xml,grec,Περὶ εὑρημάτων
zoo51,THEOMNESTOS,tardo-antique (300 - 700 ap. J.-C.),1g.xml,grec,Ἱππιατρικά (fragments)
zoo52,THEOPHRASTUS,antique (800 av. J.-C. - 300 ap. J.-C.),1e.xml,anglais,De Signis Tempestatum
zoo52,THEOPHRASTUS,antique (800 av. J.-C. - 300 ap. J.-C.),1g.xml,grec,Περί Σημείων Ὑδάτων και Pνευμάτων και Xειμώνων και Εὐδιών
zoo54,TIMOTHEUS GAZAEUS,tardo-antique (300 - 700 ap. J.-C.),1e.xml,anglais,"Timotheus of Gaza, On Animals"
zoo54,TIMOTHEUS GAZAEUS,tardo-antique (300 - 700 ap. J.-C.),1g_1.xml,grec,"Extraits et abreges de Timothee de Gaza, Sylloge"
zoo54,TIMOTHEUS GAZAEUS,tardo-antique (300 - 700 ap. J.-C.),1g_2.xml,grec,Fragmenta Timothei Gazaei
zoo54,TIMOTHEUS GAZAEUS,tardo-antique (300 - 700 ap. J.-C.),1g_3.xml,grec,Περὶ ζώων
zoo55,VARRO,antique (800 av. J.-C. - 300 ap. J.-C.),1e.xml,anglais,De re rustica
zoo55,VARRO,antique (800 av. J.-C. - 300 ap. J.-C.),1l.xml,latin,De re rustica
zoo57,XENOPHON,antique (800 av. J.-C. - 300 ap. J.-C.),1g.xml,grec,Economics from Works on Socrates
zoo57,XENOPHON,antique (800 av. J.-C. - 300 ap. J.-C.),2e.xml,anglais,Minor Works (English). Machine readable text
zoo57,XENOPHON,antique (800 av. J.-C. - 300 ap. J.-C.),2g.xml,grec,On the Cavalry Commander from Minor Works
zoo57,XENOPHON,antique (800 av. J.-C. - 300 ap. J.-C.),3e.xml,anglais,On the Art of Horsemanship
zoo57,XENOPHON,antique (800 av. J.-C. - 300 ap. J.-C.),3g.xml,grec,On the Art of Horsemanship from Minor Works
zoo57,XENOPHON,antique (800 av. J.-C. - 300 ap. J.-C.),4e.xml,anglais,Minor Works (English). Machine readable text
zoo57,XENOPHON,antique (800 av. J.-C. - 300 ap. J.-C.),4g.xml,grec,On Hunting from Minor Works
zoo57,XENOPHON,antique (800 av. J.-C. - 300 ap. J.-C.),5e.xml,anglais,Minor Works (English). Machine readable text
zoo57,XENOPHON,antique (800 av. J.-C. - 300 ap. J.-C.),5g.xml,grec,Agesilaus
zoo57,XENOPHON,antique (800 av. J.-C. - 300 ap. J.-C.),6e.xml,anglais,Minor Works (English). Machine readable text
zoo57,XENOPHON,antique (800 av. J.-C. - 300 ap. J.-C.),6g.xml,grec,Constitution of the Lacedaemonians
zoo57,XENOPHON,antique (800 av. J.-C. - 300 ap. J.-C.),7e.xml,anglais,Minor Works (English). Machine readable text
zoo57,XENOPHON,antique (800 av. J.-C. - 300 ap. J.-C.),7g.xml,grec,Hiero
zoo57,XENOPHON,antique (800 av. J.-C. - 300 ap. J.-C.),8e.xml,anglais,Minor Works (English). Machine readable text
zoo57,XENOPHON,antique (800 av. J.-C. - 300 ap. J.-C.),8g.xml,grec,Ways and Means
zoo58,PETRUS GALLECUS,medieval (apres 700 ap. J.-C.),1l.xml,latin,Liber de animalibus
zoo60,CONRAD DE HALBERSTADT,medieval (apres 700 ap. J.-C.),1l.xml,latin,Liber similitudinum naturalium
zoo61,ENGELBERTUS ADMONTENSIS,medieval (apres 700 ap. J.-C.),1l.xml,latin,Engelbertus Admontensis Tractatus de naturis animalium
zoo62,IOHANNES DE CUBA,medieval (apres 700 ap. J.-C.),1e.xml,anglais,"The Noble Lyfe and Natures of Man, of Bestes, Serpentys, Fowles and Fisshes"
zoo62,IOHANNES DE CUBA,medieval (apres 700 ap. J.-C.),1l.xml,latin,Hortus Sanitatis - Tractatus de animalibus
zoo63,IOHANNES EGIDIUS ZAMORENSIS,medieval (apres 700 ap. J.-C.),1l.xml,latin,Historia naturalis
zoo64,IOHANNES DE SANCTO GEMINIANO,medieval (apres 700 ap. J.-C.),1l.xml,latin,Summa de exemplis ac similitudinibus rerum
zoo65,MARCUS DE URBE VETERI,medieval (apres 700 ap. J.-C.),1l.xml,latin,Marcus de Urbe Veteri Tractatus septiformis de moralitatibus rerum
zoo66,THOMAS CANTIMPRATENSIS,medieval (apres 700 ap. J.-C.),1l.xml,latin,"Liber de natura rerum, versions I-II"
zoo66,THOMAS CANTIMPRATENSIS,medieval (apres 700 ap. J.-C.),2l.xml,latin,"Liber de natura rerum, version Thomas III"
zoo68,VINCENTIUS BELVACENSIS,medieval (apres 700 ap. J.-C.),1l.xml,latin,"Speculum naturale, version SM trifaria"
zoo69,PHILO ALEXANDRINUS,antique (800 av. J.-C. - 300 ap. J.-C.),1e_1.xml,anglais,On the Eternity of the World
zoo69,PHILO ALEXANDRINUS,antique (800 av. J.-C. - 300 ap. J.-C.),1g.xml,grec,De aeternitate mundi
zoo69,PHILO ALEXANDRINUS,antique (800 av. J.-C. - 300 ap. J.-C.),2e_1.xml,anglais,On Husbandry
zoo69,PHILO ALEXANDRINUS,antique (800 av. J.-C. - 300 ap. J.-C.),2g.xml,grec,De agricultura
zoo69,PHILO ALEXANDRINUS,antique (800 av. J.-C. - 300 ap. J.-C.),3e_1.xml,anglais,Concerning Noah's Work as a Planter
zoo69,PHILO ALEXANDRINUS,antique (800 av. J.-C. - 300 ap. J.-C.),3g.xml,grec,De plantatione
zoo69,PHILO ALEXANDRINUS,antique (800 av. J.-C. - 300 ap. J.-C.),4e_1.xml,anglais,On Dreams
zoo69,PHILO ALEXANDRINUS,antique (800 av. J.-C. - 300 ap. J.-C.),4g.xml,grec,"De somniis, lib. i-ii"
zoo70,PHILOUMENOS,antique (800 av. J.-C. - 300 ap. J.-C.),1g.xml,grec,De venenatis animalibus eorumque remediis
zoo71,PHYSIOLOGUS,tardo-antique (300 - 700 ap. J.-C.),1g.xml,grec,Physiologus grec R1
zoo71,PHYSIOLOGUS,tardo-antique (300 - 700 ap. J.-C.),2g.xml,grec,"Physiologus grec R2, rédaction byzantine"
zoo71,PHYSIOLOGUS,tardo-antique (300 - 700 ap. J.-C.),3g.xml,grec,"Physiologus grec R3, rédaction byzantine"
zoo75,PHYSIOLOGUS LATINUS B,tardo-antique (300 - 700 ap. J.-C.),1l.xml,latin,Physiologus latinus b
zoo75,PHYSIOLOGUS LATINUS B,tardo-antique (300 - 700 ap. J.-C.),1l_2.xml,latin,"Bestiario latino, Versio B-Is"
zoo77,PHYSIOLOGUS LATINUS Y,tardo-antique (300 - 700 ap. J.-C.),1l.xml,latin,Physiologus latinus y
zoo79,HILDEBERTUS CENOMANENSIS,medieval (apres 700 ap. J.-C.),1l.xml,latin,Physiologus
zoo80,HIPPIATRICA,tardo-antique (300 - 700 ap. J.-C.),1g.xml,grec,Hippiatrica Cantabrigiensia
zoo80,HIPPIATRICA,tardo-antique (300 - 700 ap. J.-C.),2g.xml,grec,Hippiatrica Berolinensia
zoo80,HIPPIATRICA,tardo-antique (300 - 700 ap. J.-C.),3g.xml,grec,Hippiatrica Parisina
zoo80,HIPPIATRICA,tardo-antique (300 - 700 ap. J.-C.),4g.xml,grec,Additamenta Londinensia
zoo81,EUTECNIUS,tardo-antique (Ve siecle ap. J.-C.),1g.xml,grec,Paraphrasis in Oppiani Cynegetica
zoo82,ANONYME,tardo-antique (paraphraste des Halieutiques d'Oppien),1g.xml,grec,Paraphrasis in Oppiani Halieutica
zoo83,PHYSIOLOGUS LATINUS D,,1l.xml,latin,Physiologus latinus d
zoo84,PHYSIOLOGUS LATINUS X,,1l.xml,latin,Physiologus latinus x
zoo85,SOLINUS,antique (800 av. J.-C. - 300 ap. J.-C.),1e.xml,anglais,The excellent and pleasant worke of Iulius Solinus Polyhistor
zoo85,SOLINUS,antique (800 av. J.-C. - 300 ap. J.-C.),1l.xml,latin,Collectanea rerum memorabilium
zoo86,ANONYME (Paradoxographus Vaticanus),tardo-antique (300 - 700 ap. J.-C.),1e.xml,anglais,Paradoxographus Vaticanus (zoological excerpts)
zoo86,ANONYME (Paradoxographus Vaticanus),tardo-antique (300 - 700 ap. J.-C.),1g.xml,grec,Paradoxographus Vaticanus (extraits zoologiques)
zoo87,VEGETIUS,tardo-antique (300 - 700 ap. J.-C.),1e.xml,anglais,"Of the Distempers of Horses, and of the Art of Curing Them"
zoo87,VEGETIUS,tardo-antique (300 - 700 ap. J.-C.),1l.xml,latin,Digesta artis mulomedicinae
