parent_uri,type,id,title,child
http://ns.inria.fr/zoomathia/APOLLONIUS/ἱστορίαι_θαυμάσιαι/g,Work,1,1,http://ns.inria.fr/zoomathia/APOLLONIUS/ἱστορίαι_θαυμάσιαι/g/1
http://ns.inria.fr/zoomathia/APOLLONIUS/ἱστορίαι_θαυμάσιαι/g,Book,1,1,http://ns.inria.fr/zoomathia/APOLLONIUS/ἱστορίαι_θαυμάσιαι/g/1/1
http://ns.inria.fr/zoomathia/APOLLONIUS/ἱστορίαι_θαυμάσιαι/g,Book,1,1,http://ns.inria.fr/zoomathia/APOLLONIUS/ἱστορίαι_θαυμάσιαι/g/1/2
http://ns.inria.fr/zoomathia/APOLLONIUS/ἱστορίαι_θαυμάσιαι/g,Book,1,1,http://ns.inria.fr/zoomathia/APOLLONIUS/ἱστορίαι_θαυμάσιαι/g/1/3
http://ns.inria.fr/zoomathia/APOLLONIUS/ἱστορίαι_θαυμάσιαι/g,Book,1,1,http://ns.inria.fr/zoomathia/APOLLONIUS/ἱστορίαι_θαυμάσιαι/g/1/4
http://ns.inria.fr/zoomathia/APOLLONIUS/ἱστορίαι_θαυμάσιαι/g,Book,1,1,http://ns.inria.fr/zoomathia/APOLLONIUS/ἱστορίαι_θαυμάσιαι/g/1/5
http://ns.inria.fr/zoomathia/APOLLONIUS/ἱστορίαι_θαυμάσιαι/g,Book,1,1,http://ns.inria.fr/zoomathia/APOLLONIUS/ἱστορίαι_θαυμάσιαι/g/1/6
http://ns.inria.fr/zoomathia/APOLLONIUS/ἱστορίαι_θαυμάσιαι/g,Book,1,1,http://ns.inria.fr/zoomathia/APOLLONIUS/ἱστορίαι_θαυμάσιαι/g/1/7
http://ns.inria.fr/zoomathia/APOLLONIUS/ἱστορίαι_θαυμάσιαι/g,Book,1,1,http://ns.inria.fr/zoomathia/APOLLONIUS/ἱστορίαι_θαυμάσιαι/g/1/8
http://ns.inria.fr/zoomathia/APOLLONIUS/ἱστορίαι_θαυμάσιαι/g,Book,1,1,http://ns.inria.fr/zoomathia/APOLLONIUS/ἱστορίαι_θαυμάσιαι/g/1/9
http://ns.inria.fr/zoomathia/APOLLONIUS/ἱστορίαι_θαυμάσιαι/g,Book,1,1,http://ns.inria.fr/zoomathia/APOLLONIUS/ἱστορίαι_θαυμάσιαι/g/1/10
http://ns.inria.fr/zoomathia/APOLLONIUS/ἱστορίαι_θαυμάσιαι/g,Book,1,1,http://ns.inria.fr/zoomathia/APOLLONIUS/ἱστορίαι_θαυμάσιαι/g/1/11
http://ns.inria.fr/zoomathia/APOLLONIUS/ἱστορίαι_θαυμάσιαι/g,Book,1,1,http://ns.inria.fr/zoomathia/APOLLONIUS/ἱστορίαι_θαυμάσιαι/g/1/12
http://ns.inria.fr/zoomathia/APOLLONIUS/ἱστορίαι_θαυμάσιαι/g,Book,1,1,http://ns.inria.fr/zoomathia/APOLLONIUS/ἱστορίαι_θαυμάσιαι/g/1/13
http://ns.inria.fr/zoomathia/APOLLONIUS/ἱστορίαι_θαυμάσιαι/g,Book,1,1,http://ns.inria.fr/zoomathia/APOLLONIUS/ἱστορίαι_θαυμάσιαι/g/1/14
http://ns.inria.fr/zoomathia/APOLLONIUS/ἱστορίαι_θαυμάσιαι/g,Book,1,1,http://ns.inria.fr/zoomathia/APOLLONIUS/ἱστορίαι_θαυμάσιαι/g/1/15
http://ns.inria.fr/zoomathia/APOLLONIUS/ἱστορίαι_θαυμάσιαι/g,Book,1,1,http://ns.inria.fr/zoomathia/APOLLONIUS/ἱστορίαι_θαυμάσιαι/g/1/16
http://ns.inria.fr/zoomathia/APOLLONIUS/ἱστορίαι_θαυμάσιαι/g,Book,1,1,http://ns.inria.fr/zoomathia/APOLLONIUS/ἱστορίαι_θαυμάσιαι/g/1/17
http://ns.inria.fr/zoomathia/APOLLONIUS/ἱστορίαι_θαυμάσιαι/g,Book,1,1,http://ns.inria.fr/zoomathia/APOLLONIUS/ἱστορίαι_θαυμάσιαι/g/1/18
http://ns.inria.fr/zoomathia/APOLLONIUS/ἱστορίαι_θαυμάσιαι/g,Book,1,1,http://ns.inria.fr/zoomathia/APOLLONIUS/ἱστορίαι_θαυμάσιαι/g/1/19
http://ns.inria.fr/zoomathia/APOLLONIUS/ἱστορίαι_θαυμάσιαι/g,Book,1,1,http://ns.inria.fr/zoomathia/APOLLONIUS/ἱστορίαι_θαυμάσιαι/g/1/20
http://ns.inria.fr/zoomathia/APOLLONIUS/ἱστορίαι_θαυμάσιαι/g,Book,1,1,http://ns.inria.fr/zoomathia/APOLLONIUS/ἱστορίαι_θαυμάσιαι/g/1/21
http://ns.inria.fr/zoomathia/APOLLONIUS/ἱστορίαι_θαυμάσιαι/g,Book,1,1,http://ns.inria.fr/zoomathia/APOLLONIUS/ἱστορίαι_θαυμάσιαι/g/1/22
http://ns.inria.fr/zoomathia/APOLLONIUS/ἱστορίαι_θαυμάσιαι/g,Book,1,1,http://ns.inria.fr/zoomathia/APOLLONIUS/ἱστορίαι_θαυμάσιαι/g/1/23
http://ns.inria.fr/zoomathia/APOLLONIUS/ἱστορίαι_θαυμάσιαι/g,Book,1,1,http://ns.inria.fr/zoomathia/APOLLONIUS/ἱστορίαι_θαυμάσιαι/g/1/24
http://ns.inria.fr/zoomathia/APOLLONIUS/ἱστορίαι_θαυμάσιαι/g,Book,1,1,http://ns.inria.fr/zoomathia/APOLLONIUS/ἱστορίαι_θαυμάσιαι/g/1/25
http://ns.inria.fr/zoomathia/APOLLONIUS/ἱστορίαι_θαυμάσιαι/g,Book,1,1,http://ns.inria.fr/zoomathia/APOLLONIUS/ἱστορίαι_θαυμάσιαι/g/1/26
http://ns.inria.fr/zoomathia/APOLLONIUS/ἱστορίαι_θαυμάσιαι/g,Book,1,1,http://ns.inria.fr/zoomathia/APOLLONIUS/ἱστορίαι_θαυμάσιαι/g/1/27
http://ns.inria.fr/zoomathia/APOLLONIUS/ἱστορίαι_θαυμάσιαι/g,Book,1,1,http://ns.inria.fr/zoomathia/APOLLONIUS/ἱστορίαι_θαυμάσιαι/g/1/28
http://ns.inria.fr/zoomathia/APOLLONIUS/ἱστορίαι_θαυμάσιαι/g,Book,1,1,http://ns.inria.fr/zoomathia/APOLLONIUS/ἱστορίαι_θαυμάσιαι/g/1/29
http://ns.inria.fr/zoomathia/APOLLONIUS/ἱστορίαι_θαυμάσιαι/g,Book,1,1,http://ns.inria.fr/zoomathia/APOLLONIUS/ἱστορίαι_θαυμάσιαι/g/1/30
http://ns.inria.fr/zoomathia/APOLLONIUS/ἱστορίαι_θαυμάσιαι/g,Book,1,1,http://ns.inria.fr/zoomathia/APOLLONIUS/ἱστορίαι_θαυμάσιαι/g/1/31
http://ns.inria.fr/zoomathia/APOLLONIUS/ἱστορίαι_θαυμάσιαι/g,Book,1,1,http://ns.inria.fr/zoomathia/APOLLONIUS/ἱστορίαι_θαυμάσιαι/g/1/32
http://ns.inria.fr/zoomathia/APOLLONIUS/ἱστορίαι_θαυμάσιαι/g,Book,1,1,http://ns.inria.fr/zoomathia/APOLLONIUS/ἱστορίαι_θαυμάσιαι/g/1/33
http://ns.inria.fr/zoomathia/APOLLONIUS/ἱστορίαι_θαυμάσιαι/g,Book,1,1,http://ns.inria.fr/zoomathia/APOLLONIUS/ἱστορίαι_θαυμάσιαι/g/1/34
http://ns.inria.fr/zoomathia/APOLLONIUS/ἱστορίαι_θαυμάσιαι/g,Book,1,1,http://ns.inria.fr/zoomathia/APOLLONIUS/ἱστορίαι_θαυμάσιαι/g/1/35
http://ns.inria.fr/zoomathia/APOLLONIUS/ἱστορίαι_θαυμάσιαι/g,Book,1,1,http://ns.inria.fr/zoomathia/APOLLONIUS/ἱστορίαι_θαυμάσιαι/g/1/36
http://ns.inria.fr/zoomathia/APOLLONIUS/ἱστορίαι_θαυμάσιαι/g,Book,1,1,http://ns.inria.fr/zoomathia/APOLLONIUS/ἱστορίαι_θαυμάσιαι/g/1/37
http://ns.inria.fr/zoomathia/APOLLONIUS/ἱστορίαι_θαυμάσιαι/g,Book,1,1,http://ns.inria.fr/zoomathia/APOLLONIUS/ἱστορίαι_θαυμάσιαι/g/1/38
http://ns.inria.fr/zoomathia/APOLLONIUS/ἱστορίαι_θαυμάσιαι/g,Book,1,1,http://ns.inria.fr/zoomathia/APOLLONIUS/ἱστορίαι_θαυμάσιαι/g/1/39
http://ns.inria.fr/zoomathia/APOLLONIUS/ἱστορίαι_θαυμάσιαι/g,Book,1,1,http://ns.inria.fr/zoomathia/APOLLONIUS/ἱστορίαι_θαυμάσιαι/g/1/40
http://ns.inria.fr/zoomathia/APOLLONIUS/ἱστορίαι_θαυμάσιαι/g,Book,1,1,http://ns.inria.fr/zoomathia/APOLLONIUS/ἱστορίαι_θαυμάσιαι/g/1/41
http://ns.inria.fr/zoomathia/APOLLONIUS/ἱστορίαι_θαυμάσιαι/g,Book,1,1,http://ns.inria.fr/zoomathia/APOLLONIUS/ἱστορίαι_θαυμάσιαι/g/1/42
http://ns.inria.fr/zoomathia/APOLLONIUS/ἱστορίαι_θαυμάσιαι/g,Book,1,1,http://ns.inria.fr/zoomathia/APOLLONIUS/ἱστορίαι_θαυμάσιαι/g/1/43
http://ns.inria.fr/zoomathia/APOLLONIUS/ἱστορίαι_θαυμάσιαι/g,Book,1,1,http://ns.inria.fr/zoomathia/APOLLONIUS/ἱστορίαι_θαυμάσιαι/g/1/44
http://ns.inria.fr/zoomathia/APOLLONIUS/ἱστορίαι_θαυμάσιαι/g,Book,1,1,http://ns.inria.fr/zoomathia/APOLLONIUS/ἱστορίαι_θαυμάσιαι/g/1/45
http://ns.inria.fr/zoomathia/APOLLONIUS/ἱστορίαι_θαυμάσιαι/g,Book,1,1,http://ns.inria.fr/zoomathia/APOLLONIUS/ἱστορίαι_θαυμάσιαι/g/1/46
http://ns.inria.fr/zoomathia/APOLLONIUS/ἱστορίαι_θαυμάσιαι/g,Book,1,1,http://ns.inria.fr/zoomathia/APOLLONIUS/ἱστορίαι_θαυμάσιαι/g/1/47
http://ns.inria.fr/zoomathia/APOLLONIUS/ἱστορίαι_θαυμάσιαι/g,Book,1,1,http://ns.inria.fr/zoomathia/APOLLONIUS/ἱστορίαι_θαυμάσιαι/g/1/48
http://ns.inria.fr/zoomathia/APOLLONIUS/ἱστορίαι_θαυμάσιαι/g,Book,1,1,http://ns.inria.fr/zoomathia/APOLLONIUS/ἱστορίαι_θαυμάσιαι/g/1/49
http://ns.inria.fr/zoomathia/APOLLONIUS/ἱστορίαι_θαυμάσιαι/g,Book,1,1,http://ns.inria.fr/zoomathia/APOLLONIUS/ἱστορίαι_θαυμάσιαι/g/1/50
http://ns.inria.fr/zoomathia/APOLLONIUS/ἱστορίαι_θαυμάσιαι/g,Book,1,1,http://ns.inria.fr/zoomathia/APOLLONIUS/ἱστορίαι_θαυμάσιαι/g/1/51
http://ns.inria.fr/zoomathia/APOLLONIUS/ἱστορίαι_θαυμάσιαι/g/1,Chapter,1,1,http://ns.inria.fr/zoomathia/APOLLONIUS/ἱστορίαι_θαυμάσιαι/g/1/1/text/1
http://ns.inria.fr/zoomathia/APOLLONIUS/ἱστορίαι_θαυμάσιαι/g/1,Chapter,2,2,http://ns.inria.fr/zoomathia/APOLLONIUS/ἱστορίαι_θαυμάσιαι/g/1/2/text/1
http://ns.inria.fr/zoomathia/APOLLONIUS/ἱστορίαι_θαυμάσιαι/g/1,Chapter,3,3,http://ns.inria.fr/zoomathia/APOLLONIUS/ἱστορίαι_θαυμάσιαι/g/1/3/text/1
http://ns.inria.fr/zoomathia/APOLLONIUS/ἱστορίαι_θαυμάσιαι/g/1,Chapter,4,4,http://ns.inria.fr/zoomathia/APOLLONIUS/ἱστορίαι_θαυμάσιαι/g/1/4/text/1
http://ns.inria.fr/zoomathia/APOLLONIUS/ἱστορίαι_θαυμάσιαι/g/1,Chapter,5,5,http://ns.inria.fr/zoomathia/APOLLONIUS/ἱστορίαι_θαυμάσιαι/g/1/5/text/1
http://ns.inria.fr/zoomathia/APOLLONIUS/ἱστορίαι_θαυμάσιαι/g/1,Chapter,6,6,http://ns.inria.fr/zoomathia/APOLLONIUS/ἱστορίαι_θαυμάσιαι/g/1/6/text/1
http://ns.inria.fr/zoomathia/APOLLONIUS/ἱστορίαι_θαυμάσιαι/g/1,Chapter,7,7,http://ns.inria.fr/zoomathia/APOLLONIUS/ἱστορίαι_θαυμάσιαι/g/1/7/text/1
http://ns.inria.fr/zoomathia/APOLLONIUS/ἱστορίαι_θαυμάσιαι/g/1,Chapter,8,8,http://ns.inria.fr/zoomathia/APOLLONIUS/ἱστορίαι_θαυμάσιαι/g/1/8/text/1
http://ns.inria.fr/zoomathia/APOLLONIUS/ἱστορίαι_θαυμάσιαι/g/1,Chapter,9,9,http://ns.inria.fr/zoomathia/APOLLONIUS/ἱστορίαι_θαυμάσιαι/g/1/9/text/1
http://ns.inria.fr/zoomathia/APOLLONIUS/ἱστορίαι_θαυμάσιαι/g/1,Chapter,10,10,http://ns.inria.fr/zoomathia/APOLLONIUS/ἱστορίαι_θαυμάσιαι/g/1/10/text/1
http://ns.inria.fr/zoomathia/APOLLONIUS/ἱστορίαι_θαυμάσιαι/g/1,Chapter,11,11,http://ns.inria.fr/zoomathia/APOLLONIUS/ἱστορίαι_θαυμάσιαι/g/1/11/text/1
http://ns.inria.fr/zoomathia/APOLLONIUS/ἱστορίαι_θαυμάσιαι/g/1,Chapter,12,12,http://ns.inria.fr/zoomathia/APOLLONIUS/ἱστορίαι_θαυμάσιαι/g/1/12/text/1
http://ns.inria.fr/zoomathia/APOLLONIUS/ἱστορίαι_θαυμάσιαι/g/1,Chapter,13,13,http://ns.inria.fr/zoomathia/APOLLONIUS/ἱστορίαι_θαυμάσιαι/g/1/13/text/1
http://ns.inria.fr/zoomathia/APOLLONIUS/ἱστορίαι_θαυμάσιαι/g/1,Chapter,14,14,http://ns.inria.fr/zoomathia/APOLLONIUS/ἱστορίαι_θαυμάσιαι/g/1/14/text/1
http://ns.inria.fr/zoomathia/APOLLONIUS/ἱστορίαι_θαυμάσιαι/g/1,Chapter,15,15,http://ns.inria.fr/zoomathia/APOLLONIUS/ἱστορίαι_θαυμάσιαι/g/1/15/text/1
http://ns.inria.fr/zoomathia/APOLLONIUS/ἱστορίαι_θαυμάσιαι/g/1,Chapter,16,16,http://ns.inria.fr/zoomathia/APOLLONIUS/ἱστορίαι_θαυμάσιαι/g/1/16/text/1
http://ns.inria.fr/zoomathia/APOLLONIUS/ἱστορίαι_θαυμάσιαι/g/1,Chapter,17,17,http://ns.inria.fr/zoomathia/APOLLONIUS/ἱστορίαι_θαυμάσιαι/g/1/17/text/1
http://ns.inria.fr/zoomathia/APOLLONIUS/ἱστορίαι_θαυμάσιαι/g/1,Chapter,18,18,http://ns.inria.fr/zoomathia/APOLLONIUS/ἱστορίαι_θαυμάσιαι/g/1/18/text/1
http://ns.inria.fr/zoomathia/APOLLONIUS/ἱστορίαι_θαυμάσιαι/g/1,Chapter,19,19,http://ns.inria.fr/zoomathia/APOLLONIUS/ἱστορίαι_θαυμάσιαι/g/1/19/text/1
http://ns.inria.fr/zoomathia/APOLLONIUS/ἱστορίαι_θαυμάσιαι/g/1,Chapter,20,20,http://ns.inria.fr/zoomathia/APOLLONIUS/ἱστορίαι_θαυμάσιαι/g/1/20/text/1
http://ns.inria.fr/zoomathia/APOLLONIUS/ἱστορίαι_θαυμάσιαι/g/1,Chapter,21,21,http://ns.inria.fr/zoomathia/APOLLONIUS/ἱστορίαι_θαυμάσιαι/g/1/21/text/1
http://ns.inria.fr/zoomathia/APOLLONIUS/ἱστορίαι_θαυμάσιαι/g/1,Chapter,22,22,http://ns.inria.fr/zoomathia/APOLLONIUS/ἱστορίαι_θαυμάσιαι/g/1/22/text/1
http://ns.inria.fr/zoomathia/APOLLONIUS/ἱστορίαι_θαυμάσιαι/g/1,Chapter,23,23,http://ns.inria.fr/zoomathia/APOLLONIUS/ἱστορίαι_θαυμάσιαι/g/1/23/text/1
http://ns.inria.fr/zoomathia/APOLLONIUS/ἱστορίαι_θαυμάσιαι/g/1,Chapter,24,24,http://ns.inria.fr/zoomathia/APOLLONIUS/ἱστορίαι_θαυμάσιαι/g/1/24/text/1
http://ns.inria.fr/zoomathia/APOLLONIUS/ἱστορίαι_θαυμάσιαι/g/1,Chapter,25,25,http://ns.inria.fr/zoomathia/APOLLONIUS/ἱστορίαι_θαυμάσιαι/g/1/25/text/1
http://ns.inria.fr/zoomathia/APOLLONIUS/ἱστορίαι_θαυμάσιαι/g/1,Chapter,26,26,http://ns.inria.fr/zoomathia/APOLLONIUS/ἱστορίαι_θαυμάσιαι/g/1/26/text/1
http://ns.inria.fr/zoomathia/APOLLONIUS/ἱστορίαι_θαυμάσιαι/g/1,Chapter,27,27,http://ns.inria.fr/zoomathia/APOLLONIUS/ἱστορίαι_θαυμάσιαι/g/1/27/text/1
http://ns.inria.fr/zoomathia/APOLLONIUS/ἱστορίαι_θαυμάσιαι/g/1,Chapter,28,28,http://ns.inria.fr/zoomathia/APOLLONIUS/ἱστορίαι_θαυμάσιαι/g/1/28/text/1
http://ns.inria.fr/zoomathia/APOLLONIUS/ἱστορίαι_θαυμάσιαι/g/1,Chapter,29,29,http://ns.inria.fr/zoomathia/APOLLONIUS/ἱστορίαι_θαυμάσιαι/g/1/29/text/1
http://ns.inria.fr/zoomathia/APOLLONIUS/ἱστορίαι_θαυμάσιαι/g/1,Chapter,30,30,http://ns.inria.fr/zoomathia/APOLLONIUS/ἱστορίαι_θαυμάσιαι/g/1/30/text/1
http://ns.inria.fr/zoomathia/APOLLONIUS/ἱστορίαι_θαυμάσιαι/g/1,Chapter,31,31,http://ns.inria.fr/zoomathia/APOLLONIUS/ἱστορίαι_θαυμάσιαι/g/1/31/text/1
http://ns.inria.fr/zoomathia/APOLLONIUS/ἱστορίαι_θαυμάσιαι/g/1,Chapter,32,32,http://ns.inria.fr/zoomathia/APOLLONIUS/ἱστορίαι_θαυμάσιαι/g/1/32/text/1
http://ns.inria.fr/zoomathia/APOLLONIUS/ἱστορίαι_θαυμάσιαι/g/1,Chapter,33,33,http://ns.inria.fr/zoomathia/APOLLONIUS/ἱστορίαι_θαυμάσιαι/g/1/33/text/1
http://ns.inria.fr/zoomathia/APOLLONIUS/ἱστορίαι_θαυμάσιαι/g/1,Chapter,34,34,http://ns.inria.fr/zoomathia/APOLLONIUS/ἱστορίαι_θαυμάσιαι/g/1/34/text/1
http://ns.inria.fr/zoomathia/APOLLONIUS/ἱστορίαι_θαυμάσιαι/g/1,Chapter,35,35,http://ns.inria.fr/zoomathia/APOLLONIUS/ἱστορίαι_θαυμάσιαι/g/1/35/text/1
http://ns.inria.fr/zoomathia/APOLLONIUS/ἱστορίαι_θαυμάσιαι/g/1,Chapter,36,36,http://ns.inria.fr/zoomathia/APOLLONIUS/ἱστορίαι_θαυμάσιαι/g/1/36/text/1
http://ns.inria.fr/zoomathia/APOLLONIUS/ἱστορίαι_θαυμάσιαι/g/1,Chapter,37,37,http://ns.inria.fr/zoomathia/APOLLONIUS/ἱστορίαι_θαυμάσιαι/g/1/37/text/1
http://ns.inria.fr/zoomathia/APOLLONIUS/ἱστορίαι_θαυμάσιαι/g/1,Chapter,38,38,http://ns.inria.fr/zoomathia/APOLLONIUS/ἱστορίαι_θαυμάσιαι/g/1/38/text/1
http://ns.inria.fr/zoomathia/APOLLONIUS/ἱστορίαι_θαυμάσιαι/g/1,Chapter,39,39,http://ns.inria.fr/zoomathia/APOLLONIUS/ἱστορίαι_θαυμάσιαι/g/1/39/text/1
http://ns.inria.fr/zoomathia/APOLLONIUS/ἱστορίαι_θαυμάσιαι/g/1,Chapter,40,40,http://ns.inria.fr/zoomathia/APOLLONIUS/ἱστορίαι_θαυμάσιαι/g/1/40/text/1
http://ns.inria.fr/zoomathia/APOLLONIUS/ἱστορίαι_θαυμάσιαι/g/1,Chapter,41,41,http://ns.inria.fr/zoomathia/APOLLONIUS/ἱστορίαι_θαυμάσιαι/g/1/41/text/1
http://ns.inria.fr/zoomathia/APOLLONIUS/ἱστορίαι_θαυμάσιαι/g/1,Chapter,42,42,http://ns.inria.fr/zoomathia/APOLLONIUS/ἱστορίαι_θαυμάσιαι/g/1/42/text/1
http://ns.inria.fr/zoomathia/APOLLONIUS/ἱστορίαι_θαυμάσιαι/g/1,Chapter,43,43,http://ns.inria.fr/zoomathia/APOLLONIUS/ἱστορίαι_θαυμάσιαι/g/1/43/text/1
http://ns.inria.fr/zoomathia/APOLLONIUS/ἱστορίαι_θαυμάσιαι/g/1,Chapter,44,44,http://ns.inria.fr/zoomathia/APOLLONIUS/ἱστορίαι_θαυμάσιαι/g/1/44/text/1
http://ns.inria.fr/zoomathia/APOLLONIUS/ἱστορίαι_θαυμάσιαι/g/1,Chapter,45,45,http://ns.inria.fr/zoomathia/APOLLONIUS/ἱστορίαι_θαυμάσιαι/g/1/45/text/1
http://ns.inria.fr/zoomathia/APOLLONIUS/ἱστορίαι_θαυμάσιαι/g/1,Chapter,46,46,http://ns.inria.fr/zoomathia/APOLLONIUS/ἱστορίαι_θαυμάσιαι/g/1/46/text/1
http://ns.inria.fr/zoomathia/APOLLONIUS/ἱστορίαι_θαυμάσιαι/g/1,Chapter,47,47,http://ns.inria.fr/zoomathia/APOLLONIUS/ἱστορίαι_θαυμάσιαι/g/1/47/text/1
http://ns.inria.fr/zoomathia/APOLLONIUS/ἱστορίαι_θαυμάσιαι/g/1,Chapter,48,48,http://ns.inria.fr/zoomathia/APOLLONIUS/ἱστορίαι_θαυμάσιαι/g/1/48/text/1
http://ns.inria.fr/zoomathia/APOLLONIUS/ἱστορίαι_θαυμάσιαι/g/1,Chapter,49,49,http://ns.inria.fr/zoomathia/APOLLONIUS/ἱστορίαι_θαυμάσιαι/g/1/49/text/1
http://ns.inria.fr/zoomathia/APOLLONIUS/ἱστορίαι_θαυμάσιαι/g/1,Chapter,50,50,http://ns.inria.fr/zoomathia/APOLLONIUS/ἱστορίαι_θαυμάσιαι/g/1/50/text/1
http://ns.inria.fr/zoomathia/APOLLONIUS/ἱστορίαι_θαυμάσιαι/g/1,Chapter,51,51,http://ns.inria.fr/zoomathia/APOLLONIUS/ἱστορίαι_θαυμάσιαι/g/1/51/text/1
