id,auteur_id,titre_original,titre_francais,titre_anglais,langue_originale,dans_classeur_lea,original_sur_git,traduction_anglaise_sur_git,traduction_francaise_sur_git,traduction_italienne_sur_git,note
1,1,Περὶ ζῴων ἠδιότητος,De la nature des animaux,On the characteristics of Animals,grec,Oui,Oui,Oui,Non,Non,
2,2,De animalibus,De animalibus,De animalibus,latin,Oui,Non,Non,Non,Non,
3,3,Hexaemeron,Hexaméron,Hexaemeron,latin,Oui,Non,Non,Non,Non,
4,4,Ἱστοριῶν παραδόξων συναγωγή,Recueil d'histoires extraordinaires,Collection of Marvellous Tales,grec,Oui,Oui,Non,Non,Non,
5,5,à renseigner,à renseigner,à renseigner,latin,Oui,Non,Non,Non,Non,
6,6,Hippiatrica,Hippiatrique,Hippiatrica,latin,Oui,Oui,Non,Non,Non,Texte non publié séparément. Extraits conservés dans les Hippiatrica (tlg0738)
7,7,Περὶ ζᾥων γενέσεως,De la génération des animaux,Generation of animals,grec,Oui,Oui,Oui,Non,Non,
8,7,Περὶ πορείας ζῴων,Marche des animaux,On the progression of animals,grec,Oui,Oui,Oui,Non,Non,
9,7,Περὶ ζῴων κινήσεως,Mouvement des animaux,On the movement of animals,grec,Oui,Oui,Oui,Non,Non,
10,7,Περὶ μακροβιότητος καὶ βραχυβιότητος,De la longévité et de la brièveté de la vie,On Length and Shortness of Life,grec,Oui,Oui,Oui,Non,Non,
11,7,Προβλήματα,Problèmes,Problems,grec,Oui,Oui,Non,Non,Non,
12,7,Φυσιογνωμονικά,Physiognomonica,Physiognomonica,grec,Oui,Oui,Non,Non,Non,
13,7,Περὶ θαυμασίων ἀκουσμάτων,De mirabilibus auscultationibus,On marvellous things heard,grec,Oui,Oui,Non,Non,Non,
14,7,Περὶ αἰσθήσεως καὶ αἰσθητῶν,De sensu et sensibilibus,Sense and Sensibilia,grec,Oui,Oui,Oui,Non,Non,
15,7,Περὶ Ζωῆς καὶ Θανάτου,De la vie et de la mort,De vita et morte,grec,Oui,Oui,Oui,Non,Non,
16,7,Περὶ ζῴων μορίων,Les parties des animaux,On the parts of animals,grec,Oui,Oui,Oui,Non,Non,
17,7,"Περὶ νεότητος καὶ γήρως, καὶ ζωῆς καὶ θανάτου, καὶ ἀναπνοῆς",De juventute et senectute,"On Youth, Old Age, Life and Death, and Respiration",grec,Oui,Oui,Oui,Non,Non,
18,7,Περὶ ἀναπνοῆς,De la respiration,On respiration,grec,Oui,Oui,Oui,Non,Non,
19,7,περὶ ζῴων ἱστορίας,Histoire des animaux,Historia Animalium,grec,Oui,Oui,Oui,Oui,Non,
20,7,Οἰκονομικά,Economics,Economics,grec,Oui,Oui,Oui,Non,Non,
21,8,Κυνηγετικά,On Dogs,On Dogs,grec,Oui,Oui,Oui,Non,Non,
22,9,Ὀνειροκριτικά,L'interprétation des songes,The Interpretation of Dreams,grec,Oui,Oui,Oui,Non,Non,"VERIFICATION STRUCTURELLE (07/2026) : traduction anglaise ajoutee (Robert Wood, 1755, Internet Archive, domaine public). Texte source nettoye (index alphabetique de fin retire, caracteres 's long' corriges). Encodage TEI valide sans erreur XML (corrige suite a l'amelioration de zoomathia_encoder.py -- validation et nouvelle tentative automatique par morceau -- puis 2 corrections manuelles ciblees sur fragments OCR illisibles). Verification de contenu manuelle standard recommandee, comme pour tout encodage automatique. VERIFICATION DE CONFORMITE (07/2026, apres structuration complete du corpus) : ecart structurel avec l'original confirme (402 div/19 l/1412 lb cote grec vs 185 div/0 l cote traduction). Contrairement a Semonide/Phedre, l'oeuvre est majoritairement en PROSE (traite d'interpretation des reves), pas un poeme. L'ecart vient de 19 vers de citations poetiques (Homere, Iliade, citees par Artemidore pour illustrer une interpretation) que l'original balise en <l> mais que la traduction de 1755 rend en prose continue, fondue dans le texte -- ecart mineur et localise (19 vers sur un texte de 402 divisions), pas une non-conformite generale."
23,10,Δειπνοσοφισταί,Les déipnosophistes,The deipnosophists,grec,Oui,Oui,Oui,Non,Non,
24,11,Fabulae,Fables,Fables,latin,Oui,Non,Non,Non,Non,
25,12,Μυθίαμβοι Αἰσώπειοι,Fables,Fables,grec,Oui,Oui,Oui,Non,Non,
26,13,Ὁμιλίαι εἰς τὴν Ἑξαήμερον,Homélies sur l'Hexaéméron,Homilies on the Hexaemeron,grec,Oui,Oui,Oui,Non,Non,
27,14,Γεωπονικά,Géoponiques,Geoponica,latin,Oui,Non,Non,Non,Non,
28,15,De re rustica,On agriculture,On agriculture,latin,Oui,Non,Non,Non,Non,
29,16,Βιβλιοθήκη ἱστορική,Bibliothèque historique,Historical library,grec,Oui,Oui,Oui,Non,Non,
30,17,Μῦθοι,Fables,Fables,grec,Oui,Oui,Oui,Non,Non,
31,18,Formulae spiritalis intellegentiae,Formulae spiritalis intellegentiae,Formulae spiritalis intellegentiae,latin,Oui,Non,Non,Non,Non,
32,19,Περὶ φυσικῶν δυνάμεων,Sur les facultés naturelles,On the naturals faculties,grec,Oui,Oui,Oui,Non,Non,
33,20,Cynegetica,Cynegetica,Cynegetica,latin,Oui,Non,Non,Non,Non,
34,21,Ἱστορία,Histoires,History,grec,Oui,Oui,Oui,Oui,Oui,
35,22,Ἔργα καὶ ἡμέραι,Les travaux et les jours,Works and Days,grec,Oui,Oui,Oui,Non,Non,
36,23,Hippiatrica,Hippiatrique,Hippiatrica,latin,Oui,Oui,Non,Non,Non,
37,24,Περὶ διαίτης ὀξέω,Du régime des maladies aiguës,On Regim,grec,Oui,Oui,Oui,Oui,Non,"2026-09-07 : le fichier grec etait en realite tlg0627.tlg005 (Acut. sp., apocryphe) alors que le francais/anglais traduisent l'oeuvre authentique tlg0627.tlg004 - remplace par le vrai texte grec tlg004 (18 sections, canonical-greekLit grc2). Le contenu apocryphe deplace vers une nouvelle oeuvre (voir zoo24/3)."
38,25,Etymologiae,Étymologies,Etymologies,latin,Oui,Non,Non,Non,Non,
39,26,Dipsades,Sur les dipsades,Dipsads,grec,Oui,Oui,Oui,Oui,Non,
40,26,De sacrificiis,Sur les sacrifices,On sacrifices,grec,Oui,Oui,Oui,Oui,Non,
41,27,Cynegetica,Les cynégétiques,Cynegetica,latin,Oui,Non,Non,Non,Non,
42,27,De aucupio,Sur la capture des oiseaux,On Bird-catching,latin,Oui,Non,Non,Non,Non,
43,28,Θηριακά,Les thériaques,On Venomous Animals,grec,Oui,Oui,Oui,Non,Non,
44,29,῾Αλιευτικά,Halieutiques,Halieutica,grec,Oui,Oui,Oui,Non,Non,
45,30,Κυνηγετικά,Cynégétique,Cynegetica,grec,Oui,Oui,Oui,Non,Non,
46,31,Halieutica,Halieutiques,Halieutica,latin,Oui,Non,Non,Non,Non,
47,32,Fabulae,Fables,Fables,latin,Oui,Non,Oui,Non,Non,"VERIFICATION STRUCTURELLE (07/2026, mise a jour) : l'ancienne traduction (Smart, Perseus perseus-eng1) etait incomplete (32/132 fables). Remplacee par phaedrus_fables_eng_tei.xml (Riley + Smart combines, Gutenberg #25512), couverture complete. Traduction en PROSE litterale, non alignee vers-a-vers avec l'original latin (1943 <l> cote latin, quasi aucun cote traduction) -- meme situation que Semonide (oeuvre id=70), alignement automatique impossible."
48,69,Περὶ ἀφθαρσίας κόσμου,Sur l'éternité du monde,On the eternity of the world,grec,Oui,Oui,Oui,Non,Non,
49,69,περί γεωργίας,Sur l’agriculture,On husbandry,grec,Oui,Oui,Oui,Non,Non,
50,69,Περι Φυτουργιας Νωε Το Δευτερον,Sur l’oeuvre de Noé comme planteur,Concerning Noah's Work as a Planter,grec,Oui,Oui,Oui,Non,Non,
51,69,Περὶ τοῦ θεοπέμπτους εἴναι τοὺς ὀνείρους,Des songes,On dreams,grec,Oui,Oui,Oui,Non,Non,
52,70,De venenatis animalibus eorumque remediis,Sur les animaux venimeux et leurs remèdes,On Venomous Animals and their Remedies,grec,Oui,Oui,Non,Non,Non,
53,71,Physiologus,Physiologus (redaction I),Physiologus,grec,Oui,Oui,Non,Non,Non,
54,71,Physiologus,"Physiologus (redaction II, byzantine)",Physiologus,grec,Oui,Oui,Non,Non,Non,
55,71,Physiologus,"Physiologus (redaction III, pseudo-basilienne)",Physiologus,grec,Oui,Oui,Non,Non,Non,
57,75,Physiologus,Physiologus,Physiologus,latin,Oui,Oui,Non,Non,Non,
59,77,Physiologus,Physiologus,Physiologus,latin,Oui,Oui,Non,Non,Non,
60,42,Τίμαιος,Timée,Timaeus,grec,Oui,Oui,Oui,Oui,Oui,
61,43,Naturalis Historia,Histoire naturelle,Natural history,latin,Oui,Oui,Non,Non,Non,
62,44,Περί της εις τα έγγονα φιλοστοργίας,De l’amour de la progéniture,On affection for offsprings,grec,Oui,Oui,Oui,Non,Non,
63,44,Αίτια φυσικά,Questions naturelles,Causes of natural phenomena,grec,Oui,Oui,Oui,Oui,Non,
64,44,Πότερα τῶν ζῴων φρονιμώτερα τὰ χερσαῖα ἢ τὰ ἔνυδρα,L'intelligence des animaux,Whether Land or Sea Animals Are Cleverer,grec,Oui,Oui,Oui,Non,Non,
65,44,Περὶ τοῦ τὰ ἄλογα λόγῳ χρῆσθαι,Que les bêtes ont l'usage de la raison,Beasts are rationals,grec,Oui,Oui,Oui,Oui,Non,
66,44,Περὶ σαρκροφαγίας,Sur la consommation de viande,The eating of flesh,grec,Oui,Oui,Oui,Oui,Non," | DOUBLON FUSIONNE (07/2026) : AJOUT 07/2026 : traduction anglaise 'De Esu Carnium I et II' (Goodwin, Loeb Classical Library vol. XII, 1957, domaine public, via LacusCurtius). AUCUN TEXTE GREC ORIGINAL retrouve dans le corpus actuel (code Perseus attendu : tlg0007.tlg131, absent). A rechercher (Perseus/First1KGreek) pour permettre la verification structurelle. CORRECTION (07/2026) : originaux grecs retrouves et rattaches (tlg131=Livre I, tlg132=Livre II, precedemment mal attache a l'oeuvre 62 par erreur d'import anterieure). VERIFICATION DETAILLEE (07/2026) : originaux grecs tlg131+tlg132 combines = 15 div / 21 p au total ; traduction anglaise (encodage automatique) = 37 div / 211 p -- facteur ~10x sur les paragraphes. Pas une erreur de contenu, mais un ecart de granularite structurelle (l'IA a fragmente le texte en beaucoup plus de paragraphes que l'edition critique grecque). Non resolu -- necessiterait un reencodage avec des instructions de granularite plus larges, ou une restructuration manuelle du fichier traduit pour aligner le decoupage sur l'original."
67,45,Περὶ ἀποχῆς τῶν ἐμψύχων,Sur l'abstinence de la chair des animaux,On Abstinence from Animal Food,grec,Oui,Oui,Oui,Non,Non,
68,46,à renseigner,à renseigner,à renseigner,latin,Oui,Non,Non,Non,Non,
69,47,Ἰξευτικά,Ixeuticon,Paraphrases on Bird-catching,grec,Oui,Oui,Non,Non,Non,
70,48,Iamboi,Iambes,Iambs,grec,Oui,Non,Non,Non,Non,"VERIFICATION STRUCTURELLE (07/2026) : traduction anglaise (Edmonds, Loeb 1931) en prose continue, non alignee vers-a-vers avec l'original grec (1174 <l> cote grec, 0 cote traduction). Alignement automatique impossible sans nouvelle traduction versifiee. Traductions versifiees partielles identifiees : Diotima (fr. 7, 'sur les femmes', 118 vers) et A.Z. Foreman (fr. 1, 'sur le destin') -- non integrees, verifier droits de reutilisation avant integration."
71,49,Γεωγραφικά,Géographie,Geography,grec,Oui,Oui,Oui,Oui,Non,
72,50,Περὶ εὑρημάτων,Sur les inventions,On Inventions,grec,Oui,Non,Non,Non,Non,
73,51,Hippiatrica,Hippiatrica,Hippiatrica,latin,Oui,Non,Non,Non,Non,Texte non publié séparément. Extraits conservés dans les Hippiatrica (tlg0738)
74,52,De Signis Tempestatum,On wheather signs,On wheather signs,grec,Oui,Non,Non,Non,Non,
75,66,Liber de natura rerum,Livre de la nature des choses,Book on the Nature of Things,latin,Oui,Non,Non,Non,Non,
76,54,Περὶ ζώων,Sur les animaux,On animals,grec,Oui,Non,Non,Non,Non,
77,55,De re rustica,L’économie rurale,On agriculture,latin,Oui,Non,Non,Non,Non,
78,68,Speculum naturale,Speculum naturale,Speculum naturale,latin,Oui,Oui,Non,Non,Non,
79,57,Οἰκονομικός,Économique,Economics,grec,Oui,Oui,Oui,Oui,Non,
80,57,Ἱππαρχικός,Le commandant de la cavalerie,The Cavalry commander,grec,Oui,Oui,Oui,Oui,Non,
81,57,περὶ Ἱππικῆς,De l’art équestre,On the Art of Horsemanship,grec,Oui,Oui,Oui,Non,Non,
82,57,Κυνηγετικά,L’art de la chasse,On Hunting,grec,Oui,Oui,Oui,Oui,Non,
83,28,Αλεξιφάρμακα,Les Alexipharmaques,Alexipharmaca,grec,Oui,Oui,Oui,Non,Non,
84,58,Liber de animalibus,Livre des animaux,Book of Animals,latin,Oui,Oui,Oui,Non,Non,
85,79,Physiologus Theobaldi,Physiologus métrique,Metrical Physiologus,latin,Oui,Oui,Non,Non,Non,
86,24,"Περὶ διαίτης, βιβλίον Β'","Du régime, livre II","Regimen, Book II",grec,Oui,Oui,Oui,Oui,Non,
87,60,Liber similitudinum naturalium,Liber similitudinum naturalium,Liber similitudinum naturalium,latin,Non,Oui,Non,Non,Non,
88,61,Tractatus de naturis animalium,Tractatus de naturis animalium,Tractatus de naturis animalium,latin,Non,Oui,Non,Non,Non,
89,62,Hortus sanitatis,Hortus sanitatis,Hortus sanitatis,latin,Non,Oui,Non,Non,Non,
90,63,Historia naturalis,Historia naturalis,Historia naturalis,latin,Non,Oui,Non,Non,Non,
91,64,Summa de exemplis,Summa de exemplis,Summa de exemplis,latin,Non,Oui,Non,Non,Non,
92,65,Tractatus septiformis,Tractatus septiformis,Tractatus septiformis,latin,Non,Oui,Non,Non,Non,
94,66,Liber de natura rerum (version III),Liber de natura rerum (version III),Liber de natura rerum (version III),latin,Non,Oui,Non,Non,Non,
108,46,à renseigner,à renseigner,à renseigner,grec,Non,Non,Non,Non,Non,
109,51,Hippiatrica,Hippiatrica,Hippiatrica,grec,Non,Oui,Non,Non,Non,Texte non publié séparément. Extraits conservés dans les Hippiatrica (tlg0738)
115,13,Homiliae in Hexaemeron,Homelies sur l'Hexaemeron,Homilies on the Hexaemeron,grec,Non,Oui,Oui,Non,Non,
116,46,Alexipharmaca,Alexipharmaques,Alexipharmaca,grec,Non,Oui,Non,Non,Non,
117,46,Theriaca,Thériaques,Theriaca,grec,Non,Oui,Non,Non,Non,
118,80,Hippiatrica Cantabrigiensia,Hippiatrica Cantabrigiensia,Hippiatrica Cantabrigiensia,grec,Non,Oui,Non,Non,Non,
119,80,Hippiatrica Berolinensia,Hippiatrica Berolinensia,Hippiatrica Berolinensia,grec,Non,Oui,Non,Non,Non,
120,80,Hippiatrica Parisina,Hippiatrica Parisina,Hippiatrica Parisina,grec,Non,Oui,Non,Non,Non,
121,80,Additamenta Londinensia,Additamenta Londinensia,Additamenta Londinensia,grec,Non,Oui,Non,Non,Non,
122,57,Ἀγησίλαος,Agésilas,Agesilaus,grec,Non,Non,Oui,Non,Non,"AJOUT 07/2026 : traduction anglaise extraite du fichier groupe 'Xenophon English Minor Works.xml' (Perseus, trad. Marchant), convertie de milestones a plat vers une structure div/section/p. AUCUN TEXTE GREC ORIGINAL retrouve dans le corpus actuel -- verification structurelle impossible tant que l'original n'est pas ajoute. A rechercher (Perseus/First1KGreek). MISE A JOUR (07/2026) : original grec retrouve sur PerseusDL/canonical-greekLit (code tlg009) et rattache. Verification de conformite structurelle a faire."
123,57,Λακεδαιμονίων Πολιτεία,Constitution des Lacédémoniens,Constitution of the Lacedaemonians,grec,Non,Non,Oui,Non,Non,"AJOUT 07/2026 : traduction anglaise extraite du fichier groupe 'Xenophon English Minor Works.xml' (Perseus, trad. Marchant), convertie de milestones a plat vers une structure div/section/p. AUCUN TEXTE GREC ORIGINAL retrouve dans le corpus actuel -- verification structurelle impossible tant que l'original n'est pas ajoute. A rechercher (Perseus/First1KGreek). MISE A JOUR (07/2026) : original grec retrouve sur PerseusDL/canonical-greekLit (code tlg010) et rattache. Verification de conformite structurelle a faire."
124,57,Ἱέρων,Hiéron,Hiero,grec,Non,Non,Oui,Non,Non,"AJOUT 07/2026 : traduction anglaise extraite du fichier groupe 'Xenophon English Minor Works.xml' (Perseus, trad. Marchant), convertie de milestones a plat vers une structure div/section/p. AUCUN TEXTE GREC ORIGINAL retrouve dans le corpus actuel -- verification structurelle impossible tant que l'original n'est pas ajoute. A rechercher (Perseus/First1KGreek). MISE A JOUR (07/2026) : original grec retrouve sur PerseusDL/canonical-greekLit (code tlg008) et rattache. Verification de conformite structurelle a faire."
125,57,Πόροι,Revenus,Ways and Means,grec,Non,Non,Oui,Non,Non,"AJOUT 07/2026 : traduction anglaise extraite du fichier groupe 'Xenophon English Minor Works.xml' (Perseus, trad. Marchant), convertie de milestones a plat vers une structure div/section/p. AUCUN TEXTE GREC ORIGINAL retrouve dans le corpus actuel -- verification structurelle impossible tant que l'original n'est pas ajoute. A rechercher (Perseus/First1KGreek). MISE A JOUR (07/2026) : original grec retrouve sur PerseusDL/canonical-greekLit (code tlg011) et rattache. Verification de conformite structurelle a faire."
127,81,Paraphrasis in Oppiani Cynegetica,Paraphrase des Cynegetiques d'Oppien,Paraphrase of Oppian's Cynegetica,grec,Non,Non,Non,Non,Non,
128,82,Paraphrasis in Oppiani Halieutica,Paraphrase des Halieutiques d'Oppien,Paraphrase of Oppian's Halieutica,grec,Non,Non,Non,Non,Non,
129,31,Metamorphoses,Metamorphoses,Metamorphoses,latin,Non,Oui,Oui,Non,Non,
130,31,Fasti,Fastes,Fasti,latin,Non,Non,Non,Non,Non,
131,83,Physiologus,,,,Non,Non,Non,Non,Non,
132,84,Physiologus,,,,Non,Non,Non,Non,Non,
136,31,Ibis,Ibis,,latin,Non,Non,Non,Non,Non,
137,31,Epistulae ex Ponto,Pontiques,,latin,Non,Oui,Oui,Non,Non,
144,4,Ἱστοριῶν παραδόξων συναγωγή,,Collection of Marvellous Accounts,grec,Non,Oui,Oui,Non,Non,"Edition Keller 1877 (Rerum Naturalium Scriptores Graeci Minores), domaine public - remplace le temoin TLG restreint (voir fichier 184)."
145,24,Περὶ διαίτης ὀξέων. Νόθα,"Du régime des maladies aiguës (appendice, apocryphe)","On Regimen in Acute Diseases (Appendix, spurious)",grec,Non,Non,Non,Non,Non,"2026-09-07 : traite distinct de tlg0627.tlg004 (zoo24/1), auparavant place a tort a cet emplacement. Contenu (grec + portion anglaise 'app_*') deplace depuis zoo24/1 le 2026-09-07 - voir DOCUMENTATION_SYSTEME_ZOO.md section 21."
146,86,Παραδοξογράφος Βατικανός (extraits zoologiques),Paradoxographe du Vatican (extraits zoologiques),Paradoxographus Vaticanus (zoological excerpts),grec,Non,Oui,Oui,Non,Non,
147,89,Περὶ θαυμασίων ἀκουσμάτων,Histoires merveilleuses,On Marvellous Things Heard,grec,Non,Oui,Oui,Non,Non,
