nom_fichier,code_zoo,nom_canonique,titre_original,etat,statut,langue,ancien_code,corpus
Aelian_On_the_Characteristics_of_Animals-eng.xml,zoo1/1e,AELIANUS SOPHISTES,Περὶ ζῴων ἠδιότητος,non audite,"EN ATTENTE - droits auteur a clarifier (trad. A. F. Scholfield 1958, Loeb Classical Library, Harvard University Press / William Heinemann)",anglais,tlg0545,absent
tlg0545.tlg001.perseus-grc1.xml,zoo1/1g,AELIANUS SOPHISTES,Περὶ ζῴων ἠδιότητος,Sans traduction anglaise,Disponible,grec,tlg0545,archive
babrius_complet_tei.xml,zoo12/1e,BABRIUS,Μυθίαμβοι Αἰσώπειοι,Partiel,Disponible,anglais,tlg0614,archive
tlg0614.tlg001.1st1K-grc1.xml,zoo12/1g,BABRIUS,Μυθίαμβοι Αἰσώπειοι,Partiel (76%),Disponible,grec,tlg0614,archive
basil_hexaemeron_jackson1895_eng_tei.xml,zoo13/2e,BASILIUS,Homiliae in Hexaemeron,Partiel,Disponible,anglais,tlg2040,archive
geoponica_complet_anglais_TRANSCRIT.xml,zoo14/1e,CASSIANUS BASSUS,Γεωπονικά,Partiel,Disponible,anglais,tlg4080,archive
geoponica_arnaud_tei.xml,zoo14/1g,CASSIANUS BASSUS,Γεωπονικά,Partiel (14%),Disponible,grec,tlg4080,archive
phi0845.phi002.perseus-eng1.xml,zoo15/1e,COLUMELLA,De re rustica,Partiel,Disponible,anglais,phi0845,archive
phi0845.phi002.perseus-lat1.xml,zoo15/1l,COLUMELLA,De re rustica,Partiel (25%),Disponible,latin,phi0845,archive
diodore_livre3_tei.xml,zoo16/1e,DIODORE,Βιβλιοθήκη ἱστορική,Partiel,Disponible,anglais,tlg0060,archive
tlg0060.tlg001.perseus-grc1.xml,zoo16/1g,DIODORE,Βιβλιοθήκη ἱστορική,Partiel (19%),Disponible,grec,tlg0060,archive
esopus_eng_tei.xml,zoo17/1e,ESOPUS,Μῦθοι,Partiel,Disponible,anglais,tlg0096,archive
tlg0096.tlg002.First1K-grc1.xml,zoo17/1g,ESOPUS,Μῦθοι,Partiel (30%),Disponible,grec,tlg0096,archive
galen_eng_complet_tei.xml,zoo19/1e,GALENUS,Περὶ φυσικῶν δυνάμεων,Partiel,Disponible,anglais,tlg0057,archive
galen_de_naturalibus_facultatibus_grc_chlt_tei.xml,zoo19/1g,GALENUS,Περὶ φυσικῶν δυνάμεων,Partiel (45%),Disponible,grec,tlg0057,archive
albertus_borgnet_texte_tei.xml,zoo2/1l,ALBERTUS MAGNUS,De animalibus,Sans traduction anglaise,Disponible - Livres XIII-XXVI,latin,viaf88125532,archive
herodotus_eng_tei.xml,zoo21/1e,HERODOTUS,Ἱστορία,Partiel,Disponible,anglais,tlg0016,archive
tlg0016.tlg001.perseus-grc2_p5.xml,zoo21/1g,HERODOTUS,Ἱστορία,Partiel (36%),Disponible,grec,tlg0016,archive
hierocles_hippiatrica_fragments_grc_extrait_zoo80.xml,zoo23/1g,HIEROCLES,Hippiatrica,Sans traduction anglaise,Disponible,grec,mirabile222866,archive
2e.xml,zoo24/2e,HIPPOCRATES,"Περὶ διαίτης, βιβλίον Β'",IA non relue,Disponible,anglais,tlg0627,archive
2g.xml,zoo24/2g,HIPPOCRATES,"Περὶ διαίτης, βιβλίον Β'",Partiel (100%),Disponible,grec,tlg0627,archive
isidore_etymologiae_12_anglais_IA.xml,zoo25/1e,ISIDORUS HISPALENSIS,Etymologiae,IA non relue,Disponible,anglais,stoa0159,archive
12_tei.xml,zoo25/1l,ISIDORUS HISPALENSIS,Etymologiae,Partiel (38%),Disponible,latin,stoa0159,archive
nemesianus_eng_tei.xml,zoo27/1e,"NEMESIANUS, MARCUS AURELIUS OLYMPUS",Cynegetica,Partiel,Disponible,anglais,stoa0209,archive
nemesianus_haupt_tei.xml,zoo27/1l,"NEMESIANUS, MARCUS AURELIUS OLYMPUS",Cynegetica,Partiel,Disponible,latin,stoa0209,archive
nemesianus_eclogae_eng_tei.xml,zoo27/3e,"NEMESIANUS, MARCUS AURELIUS OLYMPUS",Eclogae,IA non relue,Disponible,anglais,stoa0209,archive
nemesianus_eclogae_lat_tei.xml,zoo27/3l,"NEMESIANUS, MARCUS AURELIUS OLYMPUS",Eclogae,non audite,Disponible,latin,stoa0209,archive
nicander_theriaca_eng_IA.xml,zoo28/1e,NICANDER COLOPHONIUS,Θηριακά,Partiel,"Disponible - traduction Loeb 1928 (A. W. Mair, domaine public) via attalus.org, en remplacement du statut EN ATTENTE precedent qui visait l'edition Gow and Scholfield 1953 (non redistribuable)",anglais,tlg0022,archive
tlg0022.tlg001.1st1K-grc1.xml,zoo28/1g,NICANDER COLOPHONIUS,Θηριακά,Partiel,Disponible,grec,tlg0022,archive
nicander_alexipharmaca_eng_IA.xml,zoo28/2e,NICANDER COLOPHONIUS,Αλεξιφάρμακα,Partiel,"Disponible - traduction Loeb 1928 (A. W. Mair, domaine public) via attalus.org, en remplacement du statut EN ATTENTE precedent qui visait l'edition Gow and Scholfield 1953 (non redistribuable)",anglais,tlg0022,archive
tlg0022.tlg002.1st1K-grc1.xml,zoo28/2g,NICANDER COLOPHONIUS,Αλεξιφάρμακα,Partiel,Disponible,grec,tlg0022,archive
oppian_hal_eng_complet_tei.xml,zoo29/1e,OPPIANUS-1,῾Αλιευτικά,Partiel,Disponible,anglais,tlg0023,archive
tlg0023.tlg001.perseus-grc1.xml,zoo29/1g,OPPIANUS-1,῾Αλιευτικά,Partiel,Disponible,grec,tlg0023,archive
ambrose_hexaemeron_tei.xml,zoo3/1l,AMBROSIUS,Hexaemeron,Sans traduction anglaise,Disponible,latin,stoa0022,archive
ovide_halieutica_riley_eng_tei.xml,zoo31/1e,OVIDIUS,Halieutica,non audite,Disponible,anglais,stoa0216,archive
Publius_Ovidius_Halieutica_tei.xml,zoo31/1l,OVIDIUS,Halieutica,Partiel (50%),Disponible,latin,stoa0216,archive
8e.xml,zoo31/5e,OVIDIUS,Epistulae ex Ponto,non audite,Disponible,anglais,stoa0216,archive
8l.xml,zoo31/5l,OVIDIUS,Epistulae ex Ponto,Partiel (78%),Disponible,latin,stoa0216,archive
Antigonus_Mirabilia_tlg0568.001.xml,zoo4/1g,ANTIGONUS,Ἱστοριῶν παραδόξων συναγωγή,non audite,"ABANDONNE (licence TLG restreinte - remplace par zoo4/2g, edition Keller 1877 domaine public)",grec,tlg0568,absent
pline_animaux_eng_tei.xml,zoo43/1e,PLINIUS MAJOR,Naturalis Historia,Partiel,Disponible,anglais,phi0978,archive
Perseus_text_1999.02.0138_p5.xml,zoo43/1l,PLINIUS MAJOR,Naturalis Historia,Partiel (16%),Disponible,latin,phi0978,archive
plutarch_de_sollertia_animalium_eng.xml,zoo44/3e,PLUTARCHUS,Πότερα τῶν ζῴων φρονιμώτερα τὰ χερσαῖα ἢ τὰ ἔνυδρα,Partiel,Disponible,anglais,tlg0007,archive
tlg0007.tlg129.perseus-grc1.xml,zoo44/3g,PLUTARCHUS,Πότερα τῶν ζῴων φρονιμώτερα τὰ χερσαῖα ἢ τὰ ἔνυδρα,Partiel (97%),Disponible,grec,tlg0007,archive
porphyre_abstinence_book1_eng_tei.xml,zoo45/1e,PORPHYRIUS,Περὶ ἀποχῆς τῶν ἐμψύχων,Partiel,Disponible,anglais,tlg2034,archive
tlg2034.tlg003.1st1K-grc1.xml,zoo45/1g,PORPHYRIUS,Περὶ ἀποχῆς τῶν ἐμψύχων,Partiel (93%),Disponible,grec,tlg2034,archive
pseudo_dioscorides_alexipharmaca_eng.xml,zoo46/3e,PS-DIOSCORIDE,Alexipharmaca,IA non relue,Disponible,anglais,tlg1118,archive
Pseudo-Dioscorides Alexipharmaca (De venenis eorumque praecautione et medicatione)_tei.xml,zoo46/3g,PS-DIOSCORIDE,Alexipharmaca,Partiel (63%),Disponible,grec,tlg1118,archive
pseudo_dioscorides_theriaca_eng.xml,zoo46/4e,PS-DIOSCORIDE,Theriaca,IA non relue,Disponible,anglais,tlg1118,archive
"Pseudo-Dioscorides Theriaca (De iis, quae virus ejaculantur, animalibus libellus, in quo et de rabioso cane)_tei.xml",zoo46/4g,PS-DIOSCORIDE,Theriaca,Partiel (56%),Disponible,grec,tlg1118,archive
dionysius_ixeutica_paraphrase_eng_IA.xml,zoo47/1e,DENYS (pseudo),Ἰξευτικά,IA non relue,Disponible,anglais,tlg0084,archive
Dionysius_Ixeutica_tlg0084.003.xml,zoo47/1g,DENYS (pseudo),Ἰξευτικά,non audite,Disponible,grec,tlg0084,archive
dionysius_ixeuticon_tei.xml,zoo47/1g_2,DENYS (pseudo),Ἰξευτικά,Partiel (3%),Disponible,grec,tlg0084,archive
strabo_complet_eng_tei.xml,zoo49/1e,STRABO,Γεωγραφικά,IA non relue,Disponible,anglais,tlg0099,archive
tlg0099.tlg001.perseus-grc1.xml,zoo49/1g,STRABO,Γεωγραφικά,Partiel (95%),Disponible,grec,tlg0099,archive
strato_inventions_eng_tei.xml,zoo50/1e,STRATO LAMPSACENUS,Περὶ εὑρημάτων,IA non relue,Disponible,anglais,tlg1696,archive
Strato Fragmenta_tei.xml,zoo50/1g,STRATO LAMPSACENUS,Περὶ εὑρημάτων,Partiel (35%),Disponible,grec,tlg1696,archive
theomnestos_hippiatrica_fragments_grc_extrait_zoo80.xml,zoo51/2g,THEOMNESTOS,Hippiatrica,Sans traduction anglaise,Disponible,grec,wikidataQ679536,archive
theophrastus_eng_tei.xml,zoo52/1e,THEOPHRASTUS,De Signis Tempestatum,Partiel,Disponible,anglais,tlg0093,archive
tlg0093.tlg010x03.1st1K-grc1.xml,zoo52/1g,THEOPHRASTUS,De Signis Tempestatum,Partiel (96%),Disponible,grec,tlg0093,archive
bodenheimer_1949_traduction_eng_tei.xml,zoo54/1e,TIMOTHEUS GAZAEUS,Περὶ ζώων,non audite,"EN ATTENTE - droits auteur a clarifier avec Zucker (Bodenheimer mort 1959, domaine public 2029-2030)",anglais,tlg2449,absent
Timotheus De animalibus_tei.xml,zoo54/1g,TIMOTHEUS GAZAEUS,Περὶ ζώων,non audite,Disponible,grec,tlg2449,archive
fragmenta_timothee_tei.xml,zoo54/1g_2,TIMOTHEUS GAZAEUS,Περὶ ζώων,Sans traduction anglaise,Disponible,grec,tlg2449,archive
timothee_extraits_sylloge_tei.xml,zoo54/1g_3,TIMOTHEUS GAZAEUS,Περὶ ζώων,Sans traduction anglaise,Disponible,grec,tlg2449,archive
xenophon_oeconomicus_eng_IA.xml,zoo57/1e,XENOPHON,Οἰκονομικός,IA non relue,Disponible,anglais,tlg0032,archive
tlg0032.tlg003.perseus-grc1.xml,zoo57/1g,XENOPHON,Οἰκονομικός,Partiel (100%),Disponible,grec,tlg0032,archive
xenophon_hiero_eng.xml,zoo57/7e,XENOPHON,Ἱέρων,Partiel,Disponible,anglais,tlg0032,archive
tlg0032.tlg008.perseus-grc2.xml,zoo57/7g,XENOPHON,Ἱέρων,Partiel (99%),Disponible,grec,tlg0032,archive
1e.xml,zoo58/1e,PETRUS GALLECUS,Liber de animalibus,IA non relue,Disponible,anglais,viaf79204298,archive
1l.xml,zoo58/1l,PETRUS GALLECUS,Liber de animalibus,Partiel (100%),Disponible,latin,viaf79204298,archive
apsyrtos_hippiatrica_fragments_grc_extrait_zoo80.xml,zoo6/1g,APSYRTOS,Hippiatrica,Sans traduction anglaise,Disponible,grec,wikidataQ456578,archive
conrad_halberstadt_animalibus_eng.xml,zoo60/1e,CONRAD DE HALBERSTADT,Liber similitudinum naturalium,IA non relue,Disponible,anglais,viaf67263708,archive
Conrad de Halberstadt - Liber similitudinum naturalium - 4.xml,zoo60/1l,CONRAD DE HALBERSTADT,Liber similitudinum naturalium,Partiel (58%),Disponible,latin,viaf67263708,archive
engelbertus_tractatus_eng_IA.xml,zoo61/1e,ENGELBERTUS ADMONTENSIS,Tractatus de naturis animalium,IA non relue,Disponible,anglais,viaf36891982,archive
Engelbertus Admontensis - Tractatus de naturis animalium.xml,zoo61/1l,ENGELBERTUS ADMONTENSIS,Tractatus de naturis animalium,Partiel (1%),Disponible,latin,viaf36891982,archive
noble_lyfe_oxford_tei.xml,zoo62/1e,IOHANNES DE CUBA,Hortus sanitatis,Complet,Disponible,anglais,viaf49269039,archive
hortus_animalibus_tei.xml,zoo62/1l,IOHANNES DE CUBA,Hortus sanitatis,Complet,Disponible,latin,viaf49269039,archive
iohannes_egidius_zamorensis_eng_IA.xml,zoo63/1e,IOHANNES EGIDIUS ZAMORENSIS,Historia naturalis,IA non relue,Disponible,anglais,viaf18034405,archive
Iohannes Egidius Zamorensis - Historia naturalis.xml,zoo63/1l,IOHANNES EGIDIUS ZAMORENSIS,Historia naturalis,Partiel (99%),Disponible,latin,viaf18034405,archive
geminiano_summa_exemplis_eng_IA.xml,zoo64/1e,IOHANNES DE SANCTO GEMINIANO,Summa de exemplis,IA non relue,Disponible,anglais,mirabile20323,archive
Iohannes de Sancto Geminiano - Summa de exemplis ac similitudinibus rerum.xml,zoo64/1l,IOHANNES DE SANCTO GEMINIANO,Summa de exemplis,Partiel (100%),Disponible,latin,mirabile20323,archive
marcus_urbe_veteri_tractatus_complet_eng_IA.xml,zoo65/1e,MARCUS DE URBE VETERI,Tractatus septiformis,IA non relue,Disponible,anglais,pas didentifiant auteur trouve,archive
Marcus de Urbe Veteri - Tractatus septiformis de moralitatibus rerum.xml,zoo65/1l,MARCUS DE URBE VETERI,Tractatus septiformis,Partiel (97%),Disponible,latin,pas didentifiant auteur trouve,archive
thomas_cantimpratensis_I_II_eng_IA.xml,zoo66/1e,THOMAS CANTIMPRATENSIS,Liber de natura rerum,IA non relue,Disponible,anglais,viaf100174374,archive
"Thomas Cantimpratensis - Liber de natura rerum, version Thomas I II.xml",zoo66/1l,THOMAS CANTIMPRATENSIS,Liber de natura rerum,Partiel (37%),Disponible,latin,viaf100174374,archive
thomas_cantimpratensis_III_eng_IA.xml,zoo66/2e,THOMAS CANTIMPRATENSIS,Liber de natura rerum (version III),IA non relue,Disponible,anglais,viaf100174374,archive
"Thomas Cantimpratensis - Liber de natura rerum, version Thomas III.xml",zoo66/2l,THOMAS CANTIMPRATENSIS,Liber de natura rerum (version III),Partiel (100%),Disponible,latin,viaf100174374,archive
vincentius_belvacensis_speculum_naturale_eng_IA.xml,zoo68/1e,VINCENTIUS BELVACENSIS,Speculum naturale,IA non relue,Disponible,anglais,viaf105133420,archive
Vincentius Belvacensis - Speculum naturale.xml,zoo68/1l,VINCENTIUS BELVACENSIS,Speculum naturale,Partiel (21%),Disponible,latin,viaf105133420,archive
aristote_partibus_animalium_eng_tei.xml,zoo7/10e,ARISTOTELES,Περὶ ζῴων μορίων,Partiel,Disponible,anglais,tlg0086,archive
tlg0086.tlg030.1st1K-grc1.xml,zoo7/10g,ARISTOTELES,Περὶ ζῴων μορίων,Partiel (37%),Disponible,grec,tlg0086,archive
aristote_ha_eng_tei.xml,zoo7/13e,ARISTOTELES,περὶ ζῴων ἱστορίας,Partiel,Disponible,anglais,tlg0086,archive
tlg0086.tlg014.1st1K-grc1.xml,zoo7/13g,ARISTOTELES,περὶ ζῴων ἱστορίας,Partiel (88%),Disponible,grec,tlg0086,archive
aristote_generation_animalium_eng_tei.xml,zoo7/1e,ARISTOTELES,Περὶ ζᾥων γενέσεως,Partiel,Disponible,anglais,tlg0086,archive
tlg0086.tlg012.1st1K-grc1.xml,zoo7/1g,ARISTOTELES,Περὶ ζᾥων γενέσεως,Partiel (73%),Disponible,grec,tlg0086,archive
aristote_problemata_eng_IA.xml,zoo7/5e,ARISTOTELES,Προβλήματα,IA non relue,Disponible,anglais,tlg0086,archive
tlg0086.tlg036.1st1K-grc1.xml,zoo7/5g,ARISTOTELES,Προβλήματα,Partiel (8%),Disponible,grec,tlg0086,archive
aristote_physiognomonica_eng_IA.xml,zoo7/6e,ARISTOTELES,Φυσιογνωμονικά,IA non relue,Disponible,anglais,tlg0086,archive
tlg0086.tlg032.1st1K-grc1.xml,zoo7/6g,ARISTOTELES,Φυσιογνωμονικά,Partiel (100%),Disponible,grec,tlg0086,archive
aristote_mirabilibus_eng_IA.xml,zoo7/7e,ARISTOTELES,Περὶ θαυμασίων ἀκουσμάτων,IA non relue,Disponible,anglais,tlg0086,archive
tlg0086.tlg027.1st1K-grc1.xml,zoo7/7g,ARISTOTELES,Περὶ θαυμασίων ἀκουσμάτων,Partiel (100%),Disponible,grec,tlg0086,archive
aristote_sensu_sensibilibus_eng_tei.xml,zoo7/8e,ARISTOTELES,Περὶ αἰσθήσεως καὶ αἰσθητῶν,Partiel,Disponible,anglais,tlg0086,archive
tlg0086.tlg041.1st1K-grc1.xml,zoo7/8g,ARISTOTELES,Περὶ αἰσθήσεως καὶ αἰσθητῶν,Partiel (78%),Disponible,grec,tlg0086,archive
philumenus_wellmann1908_eng_IA.xml,zoo70/1e,PHILOUMENOS,De venenatis animalibus eorumque remediis,IA non relue,Disponible,anglais,tlg0671,archive
philumenus_tei.xml,zoo70/1g,PHILOUMENOS,De venenatis animalibus eorumque remediis,Partiel (30%),Disponible,grec,tlg0671,archive
physiologus_grc_ancien_eng_IA.xml,zoo71/1e,PHYSIOLOGUS,Physiologus,IA non relue,Disponible,anglais,tlg2654,archive
physiologus_grc_ancien_tei.xml,zoo71/1g,PHYSIOLOGUS,Physiologus,non audite,Disponible,grec,tlg2654,archive
physiologus_sbordone_secunda_eng_IA.xml,zoo71/2e,PHYSIOLOGUS,Physiologus,IA non relue,Disponible,anglais,tlg2654,archive
physiologus_sbordone_secunda_grc_tei.xml,zoo71/2g,PHYSIOLOGUS,Physiologus,non audite,Disponible,grec,tlg2654,archive
physiologus_sbordone_tertia_eng_IA.xml,zoo71/3e,PHYSIOLOGUS,Physiologus,IA non relue,Disponible,anglais,tlg2654,archive
physiologus_sbordone_tertia_grc_tei.xml,zoo71/3g,PHYSIOLOGUS,Physiologus,non audite,Disponible,grec,tlg2654,archive
physiologus_latin_b_anglais_IA.xml,zoo75/1e,PHYSIOLOGUS LATINUS B,Physiologus,IA non relue,Disponible,anglais,digiliblt.DLT000410,archive
physiologus_latin_b_complet.xml,zoo75/1l,PHYSIOLOGUS LATINUS B,Physiologus,Partiel (99%),Disponible,latin,digiliblt.DLT000410,archive
Physiologus_Piccolo_bis.xml,zoo75/1l_2,PHYSIOLOGUS LATINUS B,Physiologus,Partiel (87%),Disponible,latin,digiliblt.DLT000410,archive
physiologus_latin_y_anglais_IA.xml,zoo77/1e,PHYSIOLOGUS LATINUS Y,Physiologus,IA non relue,Disponible,anglais,digiliblt.DLT000533,archive
physiologus_latin_y_complet.xml,zoo77/1l,PHYSIOLOGUS LATINUS Y,Physiologus,Partiel (80%),Disponible,latin,digiliblt.DLT000533,archive
physiologus_theobaldi_rendell_anglais.xml,zoo79/1e,HILDEBERTUS CENOMANENSIS,Physiologus Theobaldi,Partiel,Disponible,anglais,viaf282035032,archive
171_Hildebertus-Cenomanensis_Physiologus_tei.xml,zoo79/1l,HILDEBERTUS CENOMANENSIS,Physiologus Theobaldi,Partiel (96%),Disponible,latin,viaf282035032,archive
arrian_cynegetique_tei.xml,zoo8/1e,ARRIANUS,Κυνηγετικά,Partiel,Disponible,anglais,tlg0074,archive
tlg0074.tlg003.perseus-grc2.xml,zoo8/1g,ARRIANUS,Κυνηγετικά,Partiel (64%),Disponible,grec,tlg0074,archive
hippiatrica_cantabrigiensia_eng_IA.xml,zoo80/1e,HIPPIATRICA,Hippiatrica Cantabrigiensia,IA non relue,Disponible,anglais,tlg0738,archive
TLG0738-Hippiatrica Cantabrigiensia_tei.xml,zoo80/1g,HIPPIATRICA,Hippiatrica Cantabrigiensia,Partiel (69%),Disponible,grec,tlg0738,archive
hippiatrica_berolinensia_eng_IA.xml,zoo80/2e,HIPPIATRICA,Hippiatrica Berolinensia,IA non relue,Disponible,anglais,tlg0738,archive
TLG0738-Hippiatrica Berolinensia_tei.xml,zoo80/2g,HIPPIATRICA,Hippiatrica Berolinensia,Partiel (65%),Disponible,grec,tlg0738,archive
hippiatrica_parisina_eng_IA.xml,zoo80/3e,HIPPIATRICA,Hippiatrica Parisina,IA non relue,Disponible,anglais,tlg0738,archive
TLG0738-Hippiatrica Parisina_tei.xml,zoo80/3g,HIPPIATRICA,Hippiatrica Parisina,Partiel (59%),Disponible,grec,tlg0738,archive
hippiatrica_additamenta_londinensia_eng.xml,zoo80/4e,HIPPIATRICA,Additamenta Londinensia,IA non relue,Disponible,anglais,tlg0738,archive
TLG0738-Additamenta Londinensia ad hippiatrica Cantabrigiensia_tei.xml,zoo80/4g,HIPPIATRICA,Additamenta Londinensia,Partiel (34%),Disponible,grec,tlg0738,archive
eutecnius_cynegetica_anglais_IA.xml,zoo81/1e,EUTECNIUS,Paraphrasis in Oppiani Cynegetica,IA non relue,Disponible,anglais,tlg0752,archive
TLG0752-Eutecnius Paraphrasis in Oppiani cynegetica (fort. auctore Eutecnio)_tei.xml,zoo81/1g,EUTECNIUS,Paraphrasis in Oppiani Cynegetica,Partiel (1%),Disponible,grec,tlg0752,archive
eutecnius_halieutica_anglais_IA.xml,zoo82/1e,ANONYME,Paraphrasis in Oppiani Halieutica,IA non relue,Disponible,anglais,anon_halieutica_oppien,archive
TLG0752-Paraphrasis in Oppiani halieutica (fort. auctore Eutecnio)_tei.xml,zoo82/1g,ANONYME,Paraphrasis in Oppiani Halieutica,Partiel (11%),Disponible,grec,anon_halieutica_oppien,archive
physiologus_latin_d_eng.xml,zoo83/1e,PHYSIOLOGUS LATINUS D,Physiologus,IA non relue,Disponible,anglais,pas didentifiant auteur trouve D,archive
physiologus_latin_d_complet.xml,zoo83/1l,PHYSIOLOGUS LATINUS D,Physiologus,Partiel (100%),Disponible,latin,pas didentifiant auteur trouve D,archive
physiologus_latin_x_eng.xml,zoo84/1e,PHYSIOLOGUS LATINUS X,Physiologus,IA non relue,Disponible,anglais,pas didentifiant auteur trouve X,archive
physiologus_latin_x_complet.xml,zoo84/1l,PHYSIOLOGUS LATINUS X,Physiologus,Partiel (100%),Disponible,latin,pas didentifiant auteur trouve X,archive
artemidorus_dreams_eng_tei.xml,zoo9/1e,ARTEMIDORUS,Ὀνειροκριτικά,Partiel,Disponible,anglais,tlg0553,archive
tlg0553.tlg001.1st1K-grc1.xml,zoo9/1g,ARTEMIDORUS,Ὀνειροκριτικά,Partiel (37%),Disponible,grec,tlg0553,archive
solinus_golding1587_eng_tei.xml,zoo90/1e,SOLINUS,Collectanea rerum memorabilium,non audite,Disponible,anglais,phi1355,archive
solinus_collectanea_lat_tei.xml,zoo90/1l,SOLINUS,Collectanea rerum memorabilium,non audite,Disponible,latin,phi1355,archive
vegetius_1748_eng_ocr.xml,zoo91/1e,VEGETIUS,Digesta artis mulomedicinae,non audite,Disponible,anglais,phi1233,archive
vegetius_mulomedicina_lat_tei.xml,zoo91/1l,VEGETIUS,Digesta artis mulomedicinae,non audite,Disponible,latin,phi1233,archive
