nom_fichier,code_zoo,nom_canonique,titre_original,etat,langue,ancien_code
Aelian_On_the_Characteristics_of_Animals-eng.xml,zoo1/1e,AELIANUS SOPHISTES,Περὶ ζῴων ἠδιότητος,,anglais,tlg0545
tlg0545.tlg001.perseus-grc1.xml,zoo1/1g,AELIANUS SOPHISTES,Περὶ ζῴων ἠδιότητος,Sans traduction anglaise,grec,tlg0545
athenaeus_complet_eng_tei.xml,zoo10/1e,ATHENAEUS,Δειπνοσοφισταί,Partiel,anglais,tlg0008
tlg0008.tlg001.perseus-eng2.xml,zoo10/1e_2,ATHENAEUS,Δειπνοσοφισταί,,anglais,tlg0008
tlg0008.tlg001.perseus-grc4_annotated.xml,zoo10/1g,ATHENAEUS,Δειπνοσοφισταί,Partiel (94%),grec,tlg0008
avianus_anglais_TRANSCRIT.xml,zoo11/1e,AVIANUS,Fabulae,Complet,anglais,stoa004
avianus_tei.xml,zoo11/1l,AVIANUS,Fabulae,Complet,latin,stoa004
babrius_complet_tei.xml,zoo12/1e,BABRIUS,Μυθίαμβοι Αἰσώπειοι,Partiel,anglais,tlg0614
babrius_fables_eng_tei.xml,zoo12/1e_2,BABRIUS,Μυθίαμβοι Αἰσώπειοι,,anglais,tlg0614
tlg0614.tlg001.1st1K-grc1.xml,zoo12/1g,BABRIUS,Μυθίαμβοι Αἰσώπειοι,Partiel (76%),grec,tlg0614
basil_complet_tei.xml,zoo13/1e,BASILIUS,Ὁμιλίαι εἰς τὴν Ἑξαήμερον,Complet,anglais,tlg2040
basile_homily7_eng_tei.xml,zoo13/1e_2,BASILIUS,Ὁμιλίαι εἰς τὴν Ἑξαήμερον,,anglais,tlg2040
basile_homily8_eng_tei.xml,zoo13/1e_3,BASILIUS,Ὁμιλίαι εἰς τὴν Ἑξαήμερον,,anglais,tlg2040
basile_homily9_eng_tei.xml,zoo13/1e_4,BASILIUS,Ὁμιλίαι εἰς τὴν Ἑξαήμερον,,anglais,tlg2040
Basilius Homiliae in hexaemeron VII-VIII-IX_tei.xml,zoo13/1g,BASILIUS,Ὁμιλίαι εἰς τὴν Ἑξαήμερον,Complet,grec,tlg2040
basil_hexaemeron_jackson1895_eng_tei.xml,zoo13/2e,BASILIUS,Homiliae in Hexaemeron,Partiel,anglais,tlg2040
Basilius_Hexaemeron_tlg2040.001.xml,zoo13/2g,BASILIUS,Homiliae in Hexaemeron,,grec,tlg2040
geoponica_complet_anglais_TRANSCRIT.xml,zoo14/1e,CASSIANUS BASSUS,Γεωπονικά,Partiel,anglais,tlg4080
geoponica_arnaud_tei.xml,zoo14/1g,CASSIANUS BASSUS,Γεωπονικά,Partiel (14%),grec,tlg4080
phi0845.phi002.perseus-eng1.xml,zoo15/1e,COLUMELLA,De re rustica,Partiel,anglais,phi0845
phi0845.phi002.perseus-lat1.xml,zoo15/1l,COLUMELLA,De re rustica,Partiel (25%),latin,phi0845
diodore_livre3_tei.xml,zoo16/1e,DIODORE,Βιβλιοθήκη ἱστορική,Partiel,anglais,tlg0060
diodore_supplement_tei.xml,zoo16/1e_2,DIODORE,Βιβλιοθήκη ἱστορική,,anglais,tlg0060
diodorus_historical_library_eng_tei.xml,zoo16/1e_3,DIODORE,Βιβλιοθήκη ἱστορική,,anglais,tlg0060
tlg0060.tlg001.perseus-grc1.xml,zoo16/1g,DIODORE,Βιβλιοθήκη ἱστορική,Partiel (19%),grec,tlg0060
tlg0060.tlg001.perseus-grc2.xml,zoo16/1g_2,DIODORE,Βιβλιοθήκη ἱστορική,,grec,tlg0060
tlg0060.tlg001.perseus-grc3.xml,zoo16/1g_3,DIODORE,Βιβλιοθήκη ἱστορική,,grec,tlg0060
esopus_eng_tei.xml,zoo17/1e,ESOPUS,Μῦθοι,Partiel,anglais,tlg0096
aesop_fables_eng_tei.xml,zoo17/1e_2,ESOPUS,Μῦθοι,,anglais,tlg0096
tlg0096.tlg002.First1K-grc1.xml,zoo17/1g,ESOPUS,Μῦθοι,Partiel (30%),grec,tlg0096
eucherius_tei.xml,zoo18/1l,EUCHERIUS,Formulae spiritalis intellegentiae,Complet,latin,stoa0117
galen_eng_complet_tei.xml,zoo19/1e,GALENUS,Περὶ φυσικῶν δυνάμεων,Partiel,anglais,tlg0057
galen_de_naturalibus_facultatibus_grc_chlt_tei.xml,zoo19/1g,GALENUS,Περὶ φυσικῶν δυνάμεων,Partiel (45%),grec,tlg0057
albertus_borgnet_texte_tei.xml,zoo2/1l,ALBERTUS MAGNUS,De animalibus,Sans traduction anglaise,latin,viaf88125532
albertus_stadler_texte_tei.xml,zoo2/1l_2,ALBERTUS MAGNUS,De animalibus,,latin,viaf88125532
grattius_eng_tei.xml,zoo20/1e,GRATTIUS,Cynegetica,Complet,anglais,phi0887
grattius_tei.xml,zoo20/1l,GRATTIUS,Cynegetica,,latin,phi0887
grattius_haupt_tei.xml,zoo20/1l_2,GRATTIUS,Cynegetica,Complet,latin,phi0887
herodotus_eng_tei.xml,zoo21/1e,HERODOTUS,Ἱστορία,Partiel,anglais,tlg0016
tlg0016.tlg001.perseus-grc2_p5.xml,zoo21/1g,HERODOTUS,Ἱστορία,Partiel (36%),grec,tlg0016
hesiodus_wd_eng_tei.xml,zoo22/1e,HESIODUS,Ἔργα καὶ ἡμέραι,,anglais,tlg0020
tlg0020.tlg002.perseus-eng2.xml,zoo22/1e_2,HESIODUS,Ἔργα καὶ ἡμέραι,,anglais,tlg0020
tlg0020.tlg002.perseus-grc2.xml,zoo22/1g,HESIODUS,Ἔργα καὶ ἡμέραι,Complet,grec,tlg0020
hierocles_hippiatrica_fragments_grc_extrait_zoo80.xml,zoo23/1g,HIEROCLES,Hippiatrica,Sans traduction anglaise,grec,mirabile222866
tlg0627.tlg004.perseus-eng2.xml,zoo24/1e,HIPPOCRATES,Περὶ διαίτης ὀξέω,Partiel,anglais,tlg0627
tlg0627.tlg004.perseus-grc2.xml,zoo24/1g,HIPPOCRATES,Περὶ διαίτης ὀξέω,Partiel (94%),grec,tlg0627
2e.xml,zoo24/2e,HIPPOCRATES,"Περὶ διαίτης, βιβλίον Β'",IA non relue,anglais,tlg0627
2g.xml,zoo24/2g,HIPPOCRATES,"Περὶ διαίτης, βιβλίον Β'",Partiel (100%),grec,tlg0627
tlg0627.tlg004.perseus-eng2.xml,zoo24/3e,HIPPOCRATES,Περὶ διαίτης ὀξέων. Νόθα,Complet,anglais,tlg0627
tlg0627.tlg005.perseus-grc1.xml,zoo24/3g,HIPPOCRATES,Περὶ διαίτης ὀξέων. Νόθα,Complet,grec,tlg0627
isidore_etymologiae_12_anglais_IA.xml,zoo25/1e,ISIDORUS HISPALENSIS,Etymologiae,IA non relue,anglais,stoa0159
12_tei.xml,zoo25/1l,ISIDORUS HISPALENSIS,Etymologiae,Partiel (38%),latin,stoa0159
tlg0062.tlg054.perseus-eng3.xml,zoo26/1e,LUCIANUS SAMOSATENSIS,Dipsades,Complet,anglais,tlg0062
tlg0062.tlg054.perseus-grc1_p5.xml,zoo26/1g,LUCIANUS SAMOSATENSIS,Dipsades,,grec,tlg0062
tlg0062.tlg054.perseus-grc1.xml,zoo26/1g_2,LUCIANUS SAMOSATENSIS,Dipsades,,grec,tlg0062
lucian_of_sacrifice_tei.xml,zoo26/2e,LUCIANUS SAMOSATENSIS,De sacrificiis,Complet,anglais,tlg0062
tlg0062.tlg027.perseus-eng2.xml,zoo26/2e_2,LUCIANUS SAMOSATENSIS,De sacrificiis,,anglais,tlg0062
tlg0062.tlg027.perseus-grc1.xml,zoo26/2g,LUCIANUS SAMOSATENSIS,De sacrificiis,Complet,grec,tlg0062
tlg0062.tlg027.perseus-grc2.xml,zoo26/2g_2,LUCIANUS SAMOSATENSIS,De sacrificiis,,grec,tlg0062
nemesianus_eng_tei.xml,zoo27/1e,"NEMESIANUS, MARCUS AURELIUS OLYMPUS",Cynegetica,Partiel,anglais,stoa0209
nemesianus1_tei.xml,zoo27/1l,"NEMESIANUS, MARCUS AURELIUS OLYMPUS",Cynegetica,,latin,stoa0209
nemesianus2_tei.xml,zoo27/1l_2,"NEMESIANUS, MARCUS AURELIUS OLYMPUS",Cynegetica,,latin,stoa0209
nemesianus3_tei.xml,zoo27/1l_3,"NEMESIANUS, MARCUS AURELIUS OLYMPUS",Cynegetica,,latin,stoa0209
nemesianus4_tei.xml,zoo27/1l_4,"NEMESIANUS, MARCUS AURELIUS OLYMPUS",Cynegetica,,latin,stoa0209
nemesianus_haupt_tei.xml,zoo27/1l_5,"NEMESIANUS, MARCUS AURELIUS OLYMPUS",Cynegetica,Partiel,latin,stoa0209
nemesianus_aucupio_eng_tei.xml,zoo27/2e,"NEMESIANUS, MARCUS AURELIUS OLYMPUS",De aucupio,Complet,anglais,stoa0209
nemesianus_aucupio_lat_tei.xml,zoo27/2l,"NEMESIANUS, MARCUS AURELIUS OLYMPUS",De aucupio,Complet,latin,stoa0209
nicander_theriaca_eng_IA.xml,zoo28/1e,NICANDER COLOPHONIUS,Θηριακά,Partiel,anglais,tlg0022
tlg0022.tlg001.1st1K-grc1.xml,zoo28/1g,NICANDER COLOPHONIUS,Θηριακά,Partiel,grec,tlg0022
nicander_alexipharmaca_eng_IA.xml,zoo28/2e,NICANDER COLOPHONIUS,Αλεξιφάρμακα,Partiel,anglais,tlg0022
tlg0022.tlg002.1st1K-grc1.xml,zoo28/2g,NICANDER COLOPHONIUS,Αλεξιφάρμακα,Partiel,grec,tlg0022
oppian_hal_eng_complet_tei.xml,zoo29/1e,OPPIANUS-1,῾Αλιευτικά,Partiel,anglais,tlg0023
oppian_halieutica_eng_clean_tei.xml,zoo29/1e_2,OPPIANUS-1,῾Αλιευτικά,,anglais,tlg0023
tlg0023.tlg001.perseus-grc1.xml,zoo29/1g,OPPIANUS-1,῾Αλιευτικά,Partiel,grec,tlg0023
ambrose_hexaemeron_tei.xml,zoo3/1l,AMBROSIUS,Hexaemeron,Sans traduction anglaise,latin,stoa0022
epist_tei.xml,zoo3/2l,AMBROSIUS,Epistula ad Sororem Marcellinam,,latin,stoa0022
epistvaria_tei.xml,zoo3/3l,AMBROSIUS,Epistulae Variae,,latin,stoa0022
hymns_tei.xml,zoo3/4l,AMBROSIUS,Hymni,,latin,stoa0022
mysteriis_tei.xml,zoo3/5l,AMBROSIUS,De Mysteriis,,latin,stoa0022
oppian_cyn_eng_complet_tei.xml,zoo30/1e,OPPIANUS-2,Κυνηγετικά,Complet,anglais,tlg0024
oppian_cynegetica_eng_clean_tei.xml,zoo30/1e_2,OPPIANUS-2,Κυνηγετικά,,anglais,tlg0024
tlg0024.tlg001.perseus-grc1.xml,zoo30/1g,OPPIANUS-2,Κυνηγετικά,Complet,grec,tlg0024
ovid.tristia1_tei.xml,zoo31/10l,OVIDIUS,Tristia,,latin,stoa0216
ovid.tristia2_tei.xml,zoo31/10l_2,OVIDIUS,Tristia,,latin,stoa0216
ovid.tristia3_tei.xml,zoo31/10l_3,OVIDIUS,Tristia,,latin,stoa0216
ovid.tristia4_tei.xml,zoo31/10l_4,OVIDIUS,Tristia,,latin,stoa0216
ovid.tristia5_tei.xml,zoo31/10l_5,OVIDIUS,Tristia,,latin,stoa0216
Publius_Ovidius_Halieutica_tei.xml,zoo31/1l,OVIDIUS,Halieutica,Partiel (50%),latin,stoa0216
ovid.met1_tei.xml,zoo31/2l,OVIDIUS,Metamorphoses,,latin,stoa0216
ovid.met4_tei.xml,zoo31/2l_10,OVIDIUS,Metamorphoses,,latin,stoa0216
ovid.met5_tei.xml,zoo31/2l_11,OVIDIUS,Metamorphoses,,latin,stoa0216
ovid.met6_tei.xml,zoo31/2l_12,OVIDIUS,Metamorphoses,,latin,stoa0216
ovid.met7_tei.xml,zoo31/2l_13,OVIDIUS,Metamorphoses,,latin,stoa0216
ovid.met8_tei.xml,zoo31/2l_14,OVIDIUS,Metamorphoses,,latin,stoa0216
ovid.met9_tei.xml,zoo31/2l_15,OVIDIUS,Metamorphoses,,latin,stoa0216
ovid.met10_tei.xml,zoo31/2l_2,OVIDIUS,Metamorphoses,,latin,stoa0216
ovid.met11_tei.xml,zoo31/2l_3,OVIDIUS,Metamorphoses,,latin,stoa0216
ovid.met12_tei.xml,zoo31/2l_4,OVIDIUS,Metamorphoses,,latin,stoa0216
ovid.met13_tei.xml,zoo31/2l_5,OVIDIUS,Metamorphoses,,latin,stoa0216
ovid.met14_tei.xml,zoo31/2l_6,OVIDIUS,Metamorphoses,,latin,stoa0216
ovid.met15_tei.xml,zoo31/2l_7,OVIDIUS,Metamorphoses,,latin,stoa0216
ovid.met2_tei.xml,zoo31/2l_8,OVIDIUS,Metamorphoses,,latin,stoa0216
ovid.met3_tei.xml,zoo31/2l_9,OVIDIUS,Metamorphoses,,latin,stoa0216
ovid.fasti1_tei.xml,zoo31/3l,OVIDIUS,Fasti,Complet,latin,stoa0216
ovid.fasti2_tei.xml,zoo31/3l_2,OVIDIUS,Fasti,,latin,stoa0216
ovid.fasti3_tei.xml,zoo31/3l_3,OVIDIUS,Fasti,,latin,stoa0216
ovid.fasti4_tei.xml,zoo31/3l_4,OVIDIUS,Fasti,,latin,stoa0216
ovid.fasti5_tei.xml,zoo31/3l_5,OVIDIUS,Fasti,,latin,stoa0216
ovid.fasti6_tei.xml,zoo31/3l_6,OVIDIUS,Fasti,,latin,stoa0216
ovid.amor1_tei.xml,zoo31/4l,OVIDIUS,Amores,,latin,stoa0216
ovid.amor2_tei.xml,zoo31/4l_2,OVIDIUS,Amores,,latin,stoa0216
ovid.amor3_tei.xml,zoo31/4l_3,OVIDIUS,Amores,,latin,stoa0216
ovid.artis1_tei.xml,zoo31/5l,OVIDIUS,Ars Amatoria,,latin,stoa0216
ovid.artis2_tei.xml,zoo31/5l_2,OVIDIUS,Ars Amatoria,,latin,stoa0216
ovid.artis3_tei.xml,zoo31/5l_3,OVIDIUS,Ars Amatoria,,latin,stoa0216
ovid.her10_tei.xml,zoo31/6l,OVIDIUS,Heroides,,latin,stoa0216
ovid.her19_tei.xml,zoo31/6l_10,OVIDIUS,Heroides,,latin,stoa0216
ovid.her1_tei.xml,zoo31/6l_11,OVIDIUS,Heroides,,latin,stoa0216
ovid.her20_tei.xml,zoo31/6l_12,OVIDIUS,Heroides,,latin,stoa0216
ovid.her21_tei.xml,zoo31/6l_13,OVIDIUS,Heroides,,latin,stoa0216
ovid.her2_tei.xml,zoo31/6l_14,OVIDIUS,Heroides,,latin,stoa0216
ovid.her3_tei.xml,zoo31/6l_15,OVIDIUS,Heroides,,latin,stoa0216
ovid.her4_tei.xml,zoo31/6l_16,OVIDIUS,Heroides,,latin,stoa0216
ovid.her5_tei.xml,zoo31/6l_17,OVIDIUS,Heroides,,latin,stoa0216
ovid.her6_tei.xml,zoo31/6l_18,OVIDIUS,Heroides,,latin,stoa0216
ovid.her7_tei.xml,zoo31/6l_19,OVIDIUS,Heroides,,latin,stoa0216
ovid.her11_tei.xml,zoo31/6l_2,OVIDIUS,Heroides,,latin,stoa0216
ovid.her8_tei.xml,zoo31/6l_20,OVIDIUS,Heroides,,latin,stoa0216
ovid.her9_tei.xml,zoo31/6l_21,OVIDIUS,Heroides,,latin,stoa0216
ovid.her12_tei.xml,zoo31/6l_3,OVIDIUS,Heroides,,latin,stoa0216
ovid.her13_tei.xml,zoo31/6l_4,OVIDIUS,Heroides,,latin,stoa0216
ovid.her14_tei.xml,zoo31/6l_5,OVIDIUS,Heroides,,latin,stoa0216
ovid.her15_tei.xml,zoo31/6l_6,OVIDIUS,Heroides,,latin,stoa0216
ovid.her16_tei.xml,zoo31/6l_7,OVIDIUS,Heroides,,latin,stoa0216
ovid.her17_tei.xml,zoo31/6l_8,OVIDIUS,Heroides,,latin,stoa0216
ovid.her18_tei.xml,zoo31/6l_9,OVIDIUS,Heroides,,latin,stoa0216
ovid.ibis_tei.xml,zoo31/7l,OVIDIUS,Ibis,Complet,latin,stoa0216
ovid.ponto1_tei.xml,zoo31/8l,OVIDIUS,Epistulae ex Ponto,Partiel (78%),latin,stoa0216
ovid.ponto2_tei.xml,zoo31/8l_2,OVIDIUS,Epistulae ex Ponto,,latin,stoa0216
ovid.ponto3_tei.xml,zoo31/8l_3,OVIDIUS,Epistulae ex Ponto,,latin,stoa0216
ovid.ponto4_tei.xml,zoo31/8l_4,OVIDIUS,Epistulae ex Ponto,,latin,stoa0216
ovid.rem_tei.xml,zoo31/9l,OVIDIUS,Remedia Amoris,,latin,stoa0216
phi0975.phi001.perseus-eng1.xml,zoo32/1e,PHAEDRUS,Fabulae,Complet,anglais,phi0975
phaedrus_fables_eng_tei.xml,zoo32/1e_2,PHAEDRUS,Fabulae,,anglais,phi0975
phi0975.phi001.perseus-lat1-p5.xml,zoo32/1l,PHAEDRUS,Fabulae,Complet,latin,phi0975
Antigonus_Mirabilia_tlg0568.001.xml,zoo4/1g,ANTIGONUS,Ἱστοριῶν παραδόξων συναγωγή,,grec,tlg0568
2e.xml,zoo4/2e,ANTIGONUS,Ἱστοριῶν παραδόξων συναγωγή,Complet,anglais,tlg0568
2g.xml,zoo4/2g,ANTIGONUS,Ἱστοριῶν παραδόξων συναγωγή,Complet,grec,tlg0568
tlg0059.tlg031.perseus-eng2.xml,zoo42/1e,PLATO,Τίμαιος,Complet,anglais,tlg0059
tlg0059.tlg031.perseus-grc2.xml,zoo42/1g,PLATO,Τίμαιος,Complet,grec,tlg0059
pline_animaux_eng_tei.xml,zoo43/1e,PLINIUS MAJOR,Naturalis Historia,Partiel,anglais,phi0978
Perseus_text_1999.02.0138_p5.xml,zoo43/1l,PLINIUS MAJOR,Naturalis Historia,Partiel (16%),latin,phi0978
plutarch_de_amore_prolis_eng.xml,zoo44/1e,PLUTARCHUS,Περί της εις τα έγγονα φιλοστοργίας,Complet,anglais,tlg0007
tlg0007.tlg098.perseus-grc1.xml,zoo44/1g,PLUTARCHUS,Περί της εις τα έγγονα φιλοστοργίας,Complet,grec,tlg0007
plutarch_quaestiones_naturales_eng.xml,zoo44/2e,PLUTARCHUS,Αίτια φυσικά,Complet,anglais,tlg0007
tlg0007.tlg125.perseus-grc1.xml,zoo44/2g,PLUTARCHUS,Αίτια φυσικά,Complet,grec,tlg0007
plutarch_de_sollertia_animalium_eng.xml,zoo44/3e,PLUTARCHUS,Πότερα τῶν ζῴων φρονιμώτερα τὰ χερσαῖα ἢ τὰ ἔνυδρα,Partiel,anglais,tlg0007
tlg0007.tlg129.perseus-grc1.xml,zoo44/3g,PLUTARCHUS,Πότερα τῶν ζῴων φρονιμώτερα τὰ χερσαῖα ἢ τὰ ἔνυδρα,Partiel (97%),grec,tlg0007
plutarch_bruta_animalia_eng.xml,zoo44/4e,PLUTARCHUS,Περὶ τοῦ τὰ ἄλογα λόγῳ χρῆσθαι,Complet,anglais,tlg0007
tlg0007.tlg130.perseus-grc1_p5.xml,zoo44/4g,PLUTARCHUS,Περὶ τοῦ τὰ ἄλογα λόγῳ χρῆσθαι,Complet,grec,tlg0007
plutarch_de_esu_carnium_eng_tei.xml,zoo44/5e,PLUTARCHUS,Περὶ σαρκροφαγίας,Complet,anglais,tlg0007
tlg0007.tlg131.perseus-grc2.xml,zoo44/5g,PLUTARCHUS,Περὶ σαρκροφαγίας,,grec,tlg0007
tlg0007.tlg132.perseus-grc1.xml,zoo44/5g_2,PLUTARCHUS,Περὶ σαρκροφαγίας,,grec,tlg0007
porphyre_abstinence_book1_eng_tei.xml,zoo45/1e,PORPHYRIUS,Περὶ ἀποχῆς τῶν ἐμψύχων,Partiel,anglais,tlg2034
porphyre_abstinence_book2_eng_tei.xml,zoo45/1e_2,PORPHYRIUS,Περὶ ἀποχῆς τῶν ἐμψύχων,,anglais,tlg2034
porphyre_abstinence_book3_eng_tei.xml,zoo45/1e_3,PORPHYRIUS,Περὶ ἀποχῆς τῶν ἐμψύχων,,anglais,tlg2034
porphyre_abstinence_book4_eng_tei.xml,zoo45/1e_4,PORPHYRIUS,Περὶ ἀποχῆς τῶν ἐμψύχων,,anglais,tlg2034
tlg2034.tlg003.1st1K-grc1.xml,zoo45/1g,PORPHYRIUS,Περὶ ἀποχῆς τῶν ἐμψύχων,Partiel (93%),grec,tlg2034
pseudo_dioscorides_alexipharmaca_eng.xml,zoo46/3e,PS-DIOSCORIDE,Alexipharmaca,IA non relue,anglais,tlg1118
Pseudo-Dioscorides Alexipharmaca (De venenis eorumque praecautione et medicatione)_tei.xml,zoo46/3g,PS-DIOSCORIDE,Alexipharmaca,Partiel (63%),grec,tlg1118
pseudo_dioscorides_theriaca_eng.xml,zoo46/4e,PS-DIOSCORIDE,Theriaca,IA non relue,anglais,tlg1118
"Pseudo-Dioscorides Theriaca (De iis, quae virus ejaculantur, animalibus libellus, in quo et de rabioso cane)_tei.xml",zoo46/4g,PS-DIOSCORIDE,Theriaca,Partiel (56%),grec,tlg1118
dionysius_ixeutica_paraphrase_eng_IA.xml,zoo47/1e,DENYS (pseudo),Ἰξευτικά,IA non relue,anglais,tlg0084
Dionysius_Ixeutica_tlg0084.003.xml,zoo47/1g,DENYS (pseudo),Ἰξευτικά,,grec,tlg0084
dionysius_ixeuticon_tei.xml,zoo47/1g_2,DENYS (pseudo),Ἰξευτικά,Partiel (3%),grec,tlg0084
2_eng_p5.xml,zoo48/1e,SEMONIDES AMORGINUS,Iamboi,Complet,anglais,tlg0260
2_eng_semonides_extrait_p5.xml,zoo48/1e_2,SEMONIDES AMORGINUS,Iamboi,,anglais,tlg0260
2_gk_p5.xml,zoo48/1g,SEMONIDES AMORGINUS,Iamboi,Complet,grec,tlg0260
strabo_complet_eng_tei.xml,zoo49/1e,STRABO,Γεωγραφικά,IA non relue,anglais,tlg0099
tlg0099.tlg001.perseus-eng3.xml,zoo49/1e_2,STRABO,Γεωγραφικά,,anglais,tlg0099
tlg0099.tlg001.perseus-eng4.xml,zoo49/1e_3,STRABO,Γεωγραφικά,,anglais,tlg0099
tlg0099.tlg001.perseus-grc1.xml,zoo49/1g,STRABO,Γεωγραφικά,Partiel (95%),grec,tlg0099
apollonius_hardiman_eng_tei.xml,zoo5/1e,APOLLONIUS,à renseigner,Complet,anglais,tlg0569
apollonius_grec_TRANSCRIT_scans.xml,zoo5/1g,APOLLONIUS,à renseigner,Complet,grec,tlg0569
Strato Fragmenta_tei.xml,zoo50/1g,STRATO LAMPSACENUS,Περὶ εὑρημάτων,Partiel (35%),grec,tlg1696
theomnestos_hippiatrica_fragments_grc_extrait_zoo80.xml,zoo51/2g,THEOMNESTOS,Hippiatrica,Sans traduction anglaise,grec,wikidataQ679536
theophrastus_eng_tei.xml,zoo52/1e,THEOPHRASTUS,De Signis Tempestatum,Partiel,anglais,tlg0093
tlg0093.tlg010x03.1st1K-grc1.xml,zoo52/1g,THEOPHRASTUS,De Signis Tempestatum,Partiel (96%),grec,tlg0093
bodenheimer_1949_traduction_eng_tei.xml,zoo54/1e,TIMOTHEUS GAZAEUS,Περὶ ζώων,,anglais,tlg2449
Timotheus De animalibus_tei.xml,zoo54/1g,TIMOTHEUS GAZAEUS,Περὶ ζώων,,grec,tlg2449
fragmenta_timothee_tei.xml,zoo54/1g_2,TIMOTHEUS GAZAEUS,Περὶ ζώων,Sans traduction anglaise,grec,tlg2449
timothee_extraits_sylloge_tei.xml,zoo54/1g_3,TIMOTHEUS GAZAEUS,Περὶ ζώων,Sans traduction anglaise,grec,tlg2449
varro_complet_eng_tei.xml,zoo55/1e,VARRO,De re rustica,Complet,anglais,phi0684
varro.rr1_tei.xml,zoo55/1l,VARRO,De re rustica,Complet,latin,phi0684
varro.rr2_tei.xml,zoo55/1l_2,VARRO,De re rustica,,latin,phi0684
varro.rr3_tei.xml,zoo55/1l_3,VARRO,De re rustica,,latin,phi0684
phi0845.phi002.perseus-lat1.xml,zoo55/1l_4,VARRO,De re rustica,,latin,phi0684
phi0845.phi002.perseus-lat2.xml,zoo55/1l_5,VARRO,De re rustica,,latin,phi0684
tlg0032.tlg003.perseus-grc1.xml,zoo57/1g,XENOPHON,Οἰκονομικός,Partiel (100%),grec,tlg0032
xenophon_cavalry_commander_eng.xml,zoo57/2e,XENOPHON,Ἱππαρχικός,Complet,anglais,tlg0032
tlg0032.tlg012.perseus-grc1.xml,zoo57/2g,XENOPHON,Ἱππαρχικός,Complet,grec,tlg0032
xenophon_horsemanship_eng_with_header.xml,zoo57/3e,XENOPHON,περὶ Ἱππικῆς,Complet,anglais,tlg0032
tlg0032.tlg013.perseus-grc1.xml,zoo57/3g,XENOPHON,περὶ Ἱππικῆς,Complet,grec,tlg0032
xenophon_hunting_eng.xml,zoo57/4e,XENOPHON,Κυνηγετικά,Complet,anglais,tlg0032
tlg0032.tlg014.perseus-grc1.xml,zoo57/4g,XENOPHON,Κυνηγετικά,Complet,grec,tlg0032
xenophon_agesilaus_eng.xml,zoo57/5e,XENOPHON,Ἀγησίλαος,Complet,anglais,tlg0032
tlg0032.tlg009.perseus-grc2.xml,zoo57/5g,XENOPHON,Ἀγησίλαος,Complet,grec,tlg0032
xenophon_constitution_lacedaemonians_eng.xml,zoo57/6e,XENOPHON,Λακεδαιμονίων Πολιτεία,Complet,anglais,tlg0032
tlg0032.tlg010.perseus-grc2.xml,zoo57/6g,XENOPHON,Λακεδαιμονίων Πολιτεία,Complet,grec,tlg0032
xenophon_hiero_eng.xml,zoo57/7e,XENOPHON,Ἱέρων,Partiel,anglais,tlg0032
tlg0032.tlg008.perseus-grc2.xml,zoo57/7g,XENOPHON,Ἱέρων,Partiel (99%),grec,tlg0032
xenophon_ways_and_means_eng.xml,zoo57/8e,XENOPHON,Πόροι,Complet,anglais,tlg0032
tlg0032.tlg011.perseus-grc2.xml,zoo57/8g,XENOPHON,Πόροι,Complet,grec,tlg0032
1e.xml,zoo58/1e,PETRUS GALLECUS,Liber de animalibus,IA non relue,anglais,viaf79204298
1l.xml,zoo58/1l,PETRUS GALLECUS,Liber de animalibus,Partiel (100%),latin,viaf79204298
apsyrtos_hippiatrica_fragments_grc_extrait_zoo80.xml,zoo6/1g,APSYRTOS,Hippiatrica,Sans traduction anglaise,grec,wikidataQ456578
conrad_halberstadt_animalibus_eng.xml,zoo60/1e,CONRAD DE HALBERSTADT,Liber similitudinum naturalium,IA non relue,anglais,viaf67263708
Conrad de Halberstadt - Liber similitudinum naturalium - 4.xml,zoo60/1l,CONRAD DE HALBERSTADT,Liber similitudinum naturalium,Partiel (58%),latin,viaf67263708
engelbertus_tractatus_eng_IA.xml,zoo61/1e,ENGELBERTUS ADMONTENSIS,Tractatus de naturis animalium,IA non relue,anglais,viaf36891982
Engelbertus Admontensis - Tractatus de naturis animalium.xml,zoo61/1l,ENGELBERTUS ADMONTENSIS,Tractatus de naturis animalium,Partiel (1%),latin,viaf36891982
noble_lyfe_oxford_tei.xml,zoo62/1e,IOHANNES DE CUBA,Hortus sanitatis,Complet,anglais,viaf49269039
hortus_animalibus_tei.xml,zoo62/1l,IOHANNES DE CUBA,Hortus sanitatis,Complet,latin,viaf49269039
"Iohannes de Cuba - Hortus sanitatis, Liber de piscibus.xml",zoo62/1l_2,IOHANNES DE CUBA,Hortus sanitatis,,latin,viaf49269039
iohannes_egidius_zamorensis_eng_IA.xml,zoo63/1e,IOHANNES EGIDIUS ZAMORENSIS,Historia naturalis,IA non relue,anglais,viaf18034405
Iohannes Egidius Zamorensis - Historia naturalis.xml,zoo63/1l,IOHANNES EGIDIUS ZAMORENSIS,Historia naturalis,Partiel (99%),latin,viaf18034405
geminiano_summa_exemplis_eng_IA.xml,zoo64/1e,IOHANNES DE SANCTO GEMINIANO,Summa de exemplis,IA non relue,anglais,mirabile20323
Iohannes de Sancto Geminiano - Summa de exemplis ac similitudinibus rerum.xml,zoo64/1l,IOHANNES DE SANCTO GEMINIANO,Summa de exemplis,Partiel (100%),latin,mirabile20323
marcus_urbe_veteri_tractatus_complet_eng_IA.xml,zoo65/1e,MARCUS DE URBE VETERI,Tractatus septiformis,IA non relue,anglais,pas didentifiant auteur trouve
Marcus de Urbe Veteri - Tractatus septiformis de moralitatibus rerum.xml,zoo65/1l,MARCUS DE URBE VETERI,Tractatus septiformis,Partiel (97%),latin,pas didentifiant auteur trouve
thomas_cantimpratensis_I_II_eng_IA.xml,zoo66/1e,THOMAS CANTIMPRATENSIS,Liber de natura rerum,IA non relue,anglais,viaf100174374
"Thomas Cantimpratensis - Liber de natura rerum, version Thomas I II.xml",zoo66/1l,THOMAS CANTIMPRATENSIS,Liber de natura rerum,Partiel (37%),latin,viaf100174374
thomas_cantimpratensis_III_eng_IA.xml,zoo66/2e,THOMAS CANTIMPRATENSIS,Liber de natura rerum (version III),IA non relue,anglais,viaf100174374
"Thomas Cantimpratensis - Liber de natura rerum, version Thomas III.xml",zoo66/2l,THOMAS CANTIMPRATENSIS,Liber de natura rerum (version III),Partiel (100%),latin,viaf100174374
vincentius_belvacensis_speculum_naturale_eng_IA.xml,zoo68/1e,VINCENTIUS BELVACENSIS,Speculum naturale,IA non relue,anglais,viaf105133420
Vincentius Belvacensis - Speculum naturale.xml,zoo68/1l,VINCENTIUS BELVACENSIS,Speculum naturale,Partiel (21%),latin,viaf105133420
philo_eternitate_tei.xml,zoo69/1e,PHILO ALEXANDRINUS,Περὶ ἀφθαρσίας κόσμου,,anglais,tlg0018
philo_eternitate_eng_tei.xml,zoo69/1e_2,PHILO ALEXANDRINUS,Περὶ ἀφθαρσίας κόσμου,,anglais,tlg0018
tlg0018.tlg029.opp-grc1.xml,zoo69/1g,PHILO ALEXANDRINUS,Περὶ ἀφθαρσίας κόσμου,Complet,grec,tlg0018
philo_husbandry_tei.xml,zoo69/2e,PHILO ALEXANDRINUS,περί γεωργίας,,anglais,tlg0018
philo_husbandry_eng_tei.xml,zoo69/2e_2,PHILO ALEXANDRINUS,περί γεωργίας,,anglais,tlg0018
tlg0018.tlg009.opp-grc1.xml,zoo69/2g,PHILO ALEXANDRINUS,περί γεωργίας,Complet,grec,tlg0018
philo_plantatione_tei.xml,zoo69/3e,PHILO ALEXANDRINUS,Περι Φυτουργιας Νωε Το Δευτερον,,anglais,tlg0018
philo_plantatione_eng_tei.xml,zoo69/3e_2,PHILO ALEXANDRINUS,Περι Φυτουργιας Νωε Το Δευτερον,,anglais,tlg0018
tlg0018.tlg010.opp-grc1.xml,zoo69/3g,PHILO ALEXANDRINUS,Περι Φυτουργιας Νωε Το Δευτερον,Complet,grec,tlg0018
philo_dreams_tei.xml,zoo69/4e,PHILO ALEXANDRINUS,Περὶ τοῦ θεοπέμπτους εἴναι τοὺς ὀνείρους,,anglais,tlg0018
philo_dreams_eng_tei.xml,zoo69/4e_2,PHILO ALEXANDRINUS,Περὶ τοῦ θεοπέμπτους εἴναι τοὺς ὀνείρους,,anglais,tlg0018
tlg0018.tlg019.opp-grc1.xml,zoo69/4g,PHILO ALEXANDRINUS,Περὶ τοῦ θεοπέμπτους εἴναι τοὺς ὀνείρους,Complet,grec,tlg0018
aristote_partibus_animalium_eng_tei.xml,zoo7/10e,ARISTOTELES,Περὶ ζῴων μορίων,Partiel,anglais,tlg0086
tlg0086.tlg030.1st1K-grc1.xml,zoo7/10g,ARISTOTELES,Περὶ ζῴων μορίων,Partiel (37%),grec,tlg0086
aristote_respiratione_eng_tei.xml,zoo7/12e,ARISTOTELES,Περὶ ἀναπνοῆς,Complet,anglais,tlg0086
tlg0086.tlg037.1st1K-grc1.xml,zoo7/12g,ARISTOTELES,Περὶ ἀναπνοῆς,Complet,grec,tlg0086
aristote_ha_eng_tei.xml,zoo7/13e,ARISTOTELES,περὶ ζῴων ἱστορίας,Partiel,anglais,tlg0086
tlg0086.tlg014.1st1K-grc1.xml,zoo7/13g,ARISTOTELES,περὶ ζῴων ἱστορίας,Partiel (88%),grec,tlg0086
aristote_oeconomica_eng_tei.xml,zoo7/14e,ARISTOTELES,Οἰκονομικά,Complet,anglais,tlg0086
tlg0086.tlg029.perseus-grc1.xml,zoo7/14g,ARISTOTELES,Οἰκονομικά,Complet,grec,tlg0086
aristote_generation_animalium_eng_tei.xml,zoo7/1e,ARISTOTELES,Περὶ ζᾥων γενέσεως,Partiel,anglais,tlg0086
tlg0086.tlg012.1st1K-grc1.xml,zoo7/1g,ARISTOTELES,Περὶ ζᾥων γενέσεως,Partiel (73%),grec,tlg0086
aristote_incessu_animalium_eng_tei.xml,zoo7/2e,ARISTOTELES,Περὶ πορείας ζῴων,Complet,anglais,tlg0086
tlg0086.tlg015.opp-grc3.xml,zoo7/2g,ARISTOTELES,Περὶ πορείας ζῴων,Complet,grec,tlg0086
aristote_motu_animalium_eng_tei.xml,zoo7/3e,ARISTOTELES,Περὶ ζῴων κινήσεως,Complet,anglais,tlg0086
tlg0086.tlg021.opp-grc2.xml,zoo7/3g,ARISTOTELES,Περὶ ζῴων κινήσεως,Complet,grec,tlg0086
aristote_longitudine_vitae_eng_tei.xml,zoo7/4e,ARISTOTELES,Περὶ μακροβιότητος καὶ βραχυβιότητος,Complet,anglais,tlg0086
tlg0086.tlg020.1st1K-grc1.xml,zoo7/4g,ARISTOTELES,Περὶ μακροβιότητος καὶ βραχυβιότητος,Complet,grec,tlg0086
tlg0086.tlg036.1st1K-grc1.xml,zoo7/5g,ARISTOTELES,Προβλήματα,Partiel (8%),grec,tlg0086
tlg0086.tlg032.1st1K-grc1.xml,zoo7/6g,ARISTOTELES,Φυσιογνωμονικά,Partiel (100%),grec,tlg0086
tlg0086.tlg027.1st1K-grc1.xml,zoo7/7g,ARISTOTELES,Περὶ θαυμασίων ἀκουσμάτων,Partiel (100%),grec,tlg0086
aristote_sensu_sensibilibus_eng_tei.xml,zoo7/8e,ARISTOTELES,Περὶ αἰσθήσεως καὶ αἰσθητῶν,Partiel,anglais,tlg0086
tlg0086.tlg041.1st1K-grc1.xml,zoo7/8g,ARISTOTELES,Περὶ αἰσθήσεως καὶ αἰσθητῶν,Partiel (78%),grec,tlg0086
aristote_juventute_senectute_eng_tei.xml,zoo7/9e,ARISTOTELES,Περὶ Ζωῆς καὶ Θανάτου,Complet,anglais,tlg0086
tlg0086.tlg018.1st1K-grc1.xml,zoo7/9g,ARISTOTELES,Περὶ Ζωῆς καὶ Θανάτου,Complet,grec,tlg0086
philumenus_wellmann1908_eng_IA.xml,zoo70/1e,PHILOUMENOS,De venenatis animalibus eorumque remediis,IA non relue,anglais,tlg0671
philumenus_tei.xml,zoo70/1g,PHILOUMENOS,De venenatis animalibus eorumque remediis,Partiel (30%),grec,tlg0671
Philumenus _tei.xml,zoo70/1g_2,PHILOUMENOS,De venenatis animalibus eorumque remediis,,grec,tlg0671
physiologus_latin_b_anglais_IA.xml,zoo75/1e,PHYSIOLOGUS LATINUS B,Physiologus,IA non relue,anglais,digiliblt.DLT000410
physiologus_latin_b_complet.xml,zoo75/1l,PHYSIOLOGUS LATINUS B,Physiologus,Partiel (99%),latin,digiliblt.DLT000410
Physiologus_Piccolo_bis.xml,zoo75/1l_2,PHYSIOLOGUS LATINUS B,Physiologus,Partiel (87%),latin,digiliblt.DLT000410
physiologus_latin_y_anglais_IA.xml,zoo77/1e,PHYSIOLOGUS LATINUS Y,Physiologus,IA non relue,anglais,digiliblt.DLT000533
physiologus_latin_y_complet.xml,zoo77/1l,PHYSIOLOGUS LATINUS Y,Physiologus,Partiel (80%),latin,digiliblt.DLT000533
physiologus_theobaldi_rendell_anglais.xml,zoo79/1e,HILDEBERTUS CENOMANENSIS,Physiologus Theobaldi,Partiel,anglais,viaf282035032
171_Hildebertus-Cenomanensis_Physiologus_tei.xml,zoo79/1l,HILDEBERTUS CENOMANENSIS,Physiologus Theobaldi,Partiel (96%),latin,viaf282035032
arrian_cynegetique_tei.xml,zoo8/1e,ARRIANUS,Κυνηγετικά,Partiel,anglais,tlg0074
arrian_cynegeticus_eng_tei.xml,zoo8/1e_2,ARRIANUS,Κυνηγετικά,,anglais,tlg0074
tlg0074.tlg003.perseus-grc2.xml,zoo8/1g,ARRIANUS,Κυνηγετικά,Partiel (64%),grec,tlg0074
hippiatrica_cantabrigiensia_eng_IA.xml,zoo80/1e,HIPPIATRICA,Hippiatrica Cantabrigiensia,IA non relue,anglais,tlg0738
TLG0738-Hippiatrica Cantabrigiensia_tei.xml,zoo80/1g,HIPPIATRICA,Hippiatrica Cantabrigiensia,Partiel (69%),grec,tlg0738
hippiatrica_berolinensia_eng_IA.xml,zoo80/2e,HIPPIATRICA,Hippiatrica Berolinensia,IA non relue,anglais,tlg0738
TLG0738-Hippiatrica Berolinensia_tei.xml,zoo80/2g,HIPPIATRICA,Hippiatrica Berolinensia,Partiel (65%),grec,tlg0738
hippiatrica_parisina_eng_IA.xml,zoo80/3e,HIPPIATRICA,Hippiatrica Parisina,IA non relue,anglais,tlg0738
TLG0738-Hippiatrica Parisina_tei.xml,zoo80/3g,HIPPIATRICA,Hippiatrica Parisina,Partiel (59%),grec,tlg0738
hippiatrica_additamenta_londinensia_eng.xml,zoo80/4e,HIPPIATRICA,Additamenta Londinensia,IA non relue,anglais,tlg0738
TLG0738-Additamenta Londinensia ad hippiatrica Cantabrigiensia_tei.xml,zoo80/4g,HIPPIATRICA,Additamenta Londinensia,Partiel (34%),grec,tlg0738
eutecnius_cynegetica_anglais_IA.xml,zoo81/1e,EUTECNIUS,Paraphrasis in Oppiani Cynegetica,IA non relue,anglais,tlg0752
TLG0752-Eutecnius Paraphrasis in Oppiani cynegetica (fort. auctore Eutecnio)_tei.xml,zoo81/1g,EUTECNIUS,Paraphrasis in Oppiani Cynegetica,Partiel (1%),grec,tlg0752
eutecnius_halieutica_anglais_IA.xml,zoo82/1e,ANONYME,Paraphrasis in Oppiani Halieutica,IA non relue,anglais,anon_halieutica_oppien
TLG0752-Paraphrasis in Oppiani halieutica (fort. auctore Eutecnio)_tei.xml,zoo82/1g,ANONYME,Paraphrasis in Oppiani Halieutica,Partiel (11%),grec,anon_halieutica_oppien
physiologus_latin_d_eng.xml,zoo83/1e,PHYSIOLOGUS LATINUS D,Physiologus,IA non relue,anglais,pas didentifiant auteur trouve D
physiologus_latin_d_complet.xml,zoo83/1l,PHYSIOLOGUS LATINUS D,Physiologus,Partiel (100%),latin,pas didentifiant auteur trouve D
physiologus_latin_x_eng.xml,zoo84/1e,PHYSIOLOGUS LATINUS X,Physiologus,IA non relue,anglais,pas didentifiant auteur trouve X
physiologus_latin_x_complet.xml,zoo84/1l,PHYSIOLOGUS LATINUS X,Physiologus,Partiel (100%),latin,pas didentifiant auteur trouve X
artemidorus_dreams_eng_tei.xml,zoo9/1e,ARTEMIDORUS,Ὀνειροκριτικά,Partiel,anglais,tlg0553
tlg0553.tlg001.1st1K-grc1.xml,zoo9/1g,ARTEMIDORUS,Ὀνειροκριτικά,Partiel (37%),grec,tlg0553
1g.xml,zoo86/1g,ANONYME (Paradoxographus Vaticanus),Παραδοξογράφος Βατικανός (extraits zoologiques),Complet,grec,
1e.xml,zoo86/1e,ANONYME (Paradoxographus Vaticanus),Paradoxographus Vaticanus (zoological excerpts),Complet,anglais,
1g.xml,zoo89/1g,PS-ARISTOTELES,Περὶ θαυμασίων ἀκουσμάτων,Complet,grec,
1e.xml,zoo89/1e,PS-ARISTOTELES,On Marvellous Things Heard,Complet,anglais,
1e.xml,zoo18/1e,EUCHERIUS,Formulae spiritalis intellegentiae (Book IV: On the Animals),Complet,anglais,
1e_1.xml,zoo22/1e_1,HESIODUS,Ἔργα καὶ ἡμέραι,Complet,anglais,
1g_1.xml,zoo26/1g_1,Lucian,Dipsades,Complet,grec,
3e.xml,zoo31/3e,OVIDIUS,Fasti,Complet,anglais,
7e.xml,zoo31/7e,OVIDIUS,Ibis,Complet,anglais,
5g_1.xml,zoo44/5g_1,Plutarch,De esu carnium II,Complet,grec,
1e_1.xml,zoo69/1e_1,PHILO ALEXANDRINUS,On the Eternity of the World,Complet,anglais,
2e_1.xml,zoo69/2e_1,PHILO ALEXANDRINUS,On Husbandry,Complet,anglais,
3e_1.xml,zoo69/3e_1,PHILO ALEXANDRINUS,Concerning Noah's Work as a Planter,Complet,anglais,
4e_1.xml,zoo69/4e_1,PHILO ALEXANDRINUS,On Dreams,Complet,anglais,
